id,title,description,price,category,imageurl,available,quantity,category_id,ms_id
00dc20b4-90e4-42a2-a1d1-3a1627bdf48c,Штативная голова GreenBean,"Штативная среднеразмерная видеоголовка c жидкостным (флюидным) демпфером для горизонтального (360º) и вертикального (-75°...+90°) панорамирования, нагрузка до 5 кг. Съемная переставляемая рукоятка длиной 350 мм, пузырьковый уровень. Материал – алюминиево-магниевый сплав. Вес 0.94 кг.",300.00,15,"https://sun9-31.userapi.com/s/v1/ig2/ULBBjpCMJhVvzg55-dsQdWWIBh5bMZYCUoLGkBUgx6znVgF10mR3AbNq0ULSqD3bJwteDBlVIrZg6t0ZgLAZ9Fu0.jpg?quality=95&as=32x32,48x48,72x72,108x108,160x160,240x240,360x360,480x480,540x540,640x640,720x720,800x800&from=bu&u=KfmNwnc0R3oBEKHuIzKRlY98rfUBHYQdanM1bJY7ye0&cs=510x510",true,1,15,
00fa4fbb-2980-41d4-81d4-71817b7363fc,"Система крепления для авто ""TILTA Hydra x Dan Ming Speed Pan System Pro Kit""","TILTA Hydra x Dan Ming Speed Pan System Pro Kit — это профессиональная система крепления камер для динамичных автомобильных съёмок, разработанная компанией Tilta в сотрудничестве с оператором Дэном Мингом (работал над фильмами вроде ""Топ Ган: Мэверик""). Она предназначена для компактных камер (экшн-камеры, беззеркалки) и выдерживает нагрузку до 3,5 кг на скоростях до 120 км/ч.
Ключевая уникальность автогрипа — вакуумные присоски со встроенными аккумуляторами, которые постоянно поддерживают давление и автоматически компенсируют утечки. Это позволяет надёжно крепить камеру к кузову автомобиля даже при вибрациях, ускорениях и высокой скорости, обеспечивая уровень безопасности, сопоставимый с ригами киношного класса.
Панорамный модуль Speed Pan открывает возможность плавного управляемого поворота камеры прямо во время движения автомобиля — для динамичных, «живых» кадров с изменяемой композицией без перестановки рига.
",1500,4,"https://sun9-16.userapi.com/s/v1/ig2/aT5LhIPoKwVMxqx7Q1oIS7HJfVQUZrwncmtAfoZ60jyTHOBsR-f8Lz6lS-pUo8G3PpEyYDUSoP6udnyRnsaC_xZV.jpg?quality=95&as=32x32,48x48,72x72,108x108,160x160,240x240,360x360,480x480,540x540,640x640,720x720,750x750&from=bu&cs=750x0",true,1,4,
05a37340-2233-4651-b0f5-4affc12eaa54,Cлайдер SlideKamera 1 м.,"Слайдер SlideKamera SP-1000 предназначен для мягкого, точного и бесшумного перемещения видео- или фотокамеры во время видеосъемки. Слайдер рассчитан на любые типы камер весом до 8 кг. Специально разработанная каретка, перемещающаяся по направляющим, снабжена тремя роликами из нержавеющей стали (INOX)",1100.00,15,"https://sun9-41.userapi.com/s/v1/ig2/B05E1b2kawEM-gHgYBgchG4xHKMaycSDCxzoJ4y0rvnCTCwbB2KMWH2jLK1XSTkwYb1GpsIYw3HQ2-zl2Ahqzp2I.jpg?quality=95&as=32x32,48x48,72x72,108x108,160x160,240x240,360x360,480x480,540x540,640x640,720x720,900x900&from=bu&u=n6Lwsf8-COKN_TPPgd4IVx9iOxMapc5plY_IrK5v9lE&cs=510x510",true,1,15,
07164a71-fe89-4617-a2ae-e840d733166a,Компендиум Freewell Eiger,"Цена указана за аренду в сутки!

Система Eiger Matte Box решает проблему использования фильтров без матового бокса. Она включает в себя дополнительные фильтры (VND, Gradient, Mist, Steak, Straight ND) в одной системе. Регулируемый верхний флажок из углеродного волокна минимизирует блики и засветки, обеспечивая превосходное качество изображения.

Разнообразная интеграция: Система Eiger Matte Box совместима со вставными фильтрами, магнитными или резьбовыми фильтрами. Она также поддерживает использование предыдущей магнитной системы быстрой замены Freewell, фильтров VND с резьбой и фильтров Freewell Eiger, обеспечивая широкий диапазон совместимости для удовлетворения ваших разнообразных потребностей в фильтрах.

Легкая разборка: Бленда солнцезащитного козырька легко снимается с помощью быстросъемного механизма, активируемого нажатием кнопки. Эта удобная функция позволяет легко менять аксессуары и адаптировать сцену для повышения гибкости съемки.

Перспективность： С Eiger Matte Box вам больше не нужно беспокоиться о выборе правильного размера резьбы фильтра. Эта универсальная система рассчитана на совместимость с объективами до 95 мм с входящими в комплект адаптерами от 67 до 82 мм.

В комплекте: Матовый бокс, крышка-адаптер, кольцо-адаптер (67 мм, 72 мм, 77 мм и 82 мм)",500,15,"https://sun9-79.userapi.com/s/v1/ig2/GxR3_PnKJRG2KfHAocSXSoha2G40Rw27z_IsT66StlflTOGpOkWfd9bMNcpDM2kVXL0qMe7vWMbjA7LIJ-y4PMao.jpg?quality=95&as=32x32,48x48,72x72,108x108,160x160,240x240,360x360,480x479,540x539,640x639,720x719,970x969&from=bu&u=vNUGgJsc9YjpUlkzIoPrkfqA4RtmeQNhLpr0Wh3Qvdw&cs=540x0",true,1,15,
090b20c0-04ad-4d2e-9828-24f364460483,Штативная голова Manfrotto MVH500A,"Компактная видеоголовка с удлиненной съемной площадкой для идеального баланса камеры с любой оптикой. Жидкие картриджи, установленные на двух осях, обеспечивают плавное движение головки. Полусферическое основание 60 мм для идеальной настройки уровня горизонта. Пузырьковый уровень. Разъем Easy Link для установки дополнительного оборудования. Допустимая нагрузка 5 кг.
",400.00,15,"https://sun9-48.userapi.com/s/v1/ig2/NlwOAT35eYHUyBJTbFlh89oMQLUgEH4OwaTNGCFHO8weac9d4jgqyc8FdYq_LIxPAzpBnGDKxm1gWg_QDdonQKT0.jpg?quality=95&as=32x32,48x48,72x72,108x108,160x160,240x240,360x360,480x480,500x500&from=bu&u=K7p9xQmxR3ighgA4WMUj3opYdQYLkfM38ciIAFT510M&cs=500x500",true,1,15,
09369626-1d38-46b3-a352-ff4d8ab741c4,Угловой переходник HDMI - HDMI micro,,150.00,9,"https://sun9-35.userapi.com/s/v1/ig2/w2PHPud0WpTE3FrNHcWXkyqzYTf4-01RKNZIwDhgKAQt4RVFVL9M1_rTzRTnQ67XXt2FHIgp_AEoDOHJJ4aHdvc2.jpg?quality=95&as=32x32,48x48,72x72,108x108,160x160,240x240,360x360,480x480,540x540,640x640,720x720,800x800&from=bu&u=Ao14RA4ob8Wz5Fpa5RWVC1y5akjupJhxCOMbBZDOtjw&cs=510x510",true,1,9,
0973d431-b882-44b3-a7f5-e14f317549bd,Микрофон студийный Rode PodMic USB,"PodMic - это динамический микрофон вещательного качества, оптимизированный для подкастинга. Обладает насыщенным, сбалансированным звуком, с внутренним поп-фильтром для минимизации взрывных звуков и внутренним противоударным креплением для снижения вибрации.",1000,6,"https://sun9-1.userapi.com/s/v1/ig2/rJbN4vwN0etxDzpyRd2cnYRoHlqa-9tryTnW4_ckz1K_-8rWT8bSjjtyFFo5JLSZFLo5CWdKE37UB5DpG8F6_mYo.jpg?quality=95&as=32x32,48x48,72x72,108x108,160x160,240x240,360x360,480x480,500x500&from=bu&cs=500x0",true,2,6,
0b6a33ff-e007-4584-ad34-94090b15d6fe,Стойка GreenBean 104–280см.,"Хорошая бюджетная стойка, для небольших приборов до 9кг.",250.00,21,"https://sun9-6.userapi.com/s/v1/ig2/-1aXlU7AiGC9drQkvZV-HB432Ti_cErXWJFbvfovOTLFQNS4V8JIgDIZIeI3sZfVuIZbG7AyJW9G4PkOCEDJcjZ_.jpg?quality=95&as=32x32,48x48,72x72,108x108,160x160,240x240,360x360,480x480,540x539,640x639,720x719,1000x999&from=bu&u=Um4eVSdTKvI8o6pb07fUfi6B-ANdCttCDMuO5kX2VSM&cs=604x603",true,2,21,
0eafe2f7-8e3e-47f5-8d5a-f73159d9710a,Боковая ручка smallrig,"Боковая ручка SmallRig — удобный аксессуар для клеток (camera cage), который значительно повышает комфорт при съемке с рук. Обеспечивает надежный хват, делает движения камеры более плавными и снижает нагрузку на кисть во время длительной работы.

Ручка легко устанавливается на большинство клеток и совместимых производителей, а также регулируется по высоте для максимально удобного хвата.

Если вы снимаете с рук, боковая ручка SmallRig заметно улучшит контроль над камерой. Она обеспечивает более уверенный хват, помогает получать плавные кадры и позволяет комфортно работать даже во время продолжительных съемок.
",300,3,"https://sun9-69.vkuserphoto.ru/s/v1/ig2/IKoh3DKHvgl47fOmzSLcLvHED3Dkt2lJAldfFtHd-_9pHleJZzyXvKXKeV6xyv9sj_HHNA-HgNJFn6cHDt8Py36b.jpg?quality=95&as=32x32,48x48,72x72,108x108,160x160,240x240,360x360,480x480,536x536&from=bu&u=9vavhpxd2ZswocfFXBoejW27zu8sXxzHscIzRSHMRHc",true,1,3,
0eb22767-237e-49e4-a831-a6be1a8e3fc6,Суппортты SmallRig 1053 (30см),"Суппорта SmallRig 1053 представляют собой пару алюминиевых направляющих стержней диаметром 15 мм и длиной 30 см (12 дюймов). Они изготовлены из высокопрочного алюминиевого сплава и имеют стандартную резьбу М12 на концах для крепления аксессуаров. Эти направляющие используются для монтажа различных съемочных аксессуаров, таких как компендиумы (matte box), фоллоу фокусы (follow focus), риги и другие элементы обвеса",100,15,"https://sun9-52.userapi.com/s/v1/ig2/oJ_9smjYchz2kSrn9JHFEorCEaCRajNoy2mlwVgNX1YshHPjln719znnJ8b2R0x79Oe8-6i9ZviWfgvcBuntXj40.jpg?quality=95&as=32x32,48x48,72x72,108x108,160x160,240x240,360x360,480x480,540x540,640x640,720x720,800x800&from=bu&cs=800x0",true,1,15,
0eea8931-1789-4b2e-b4f4-4f7cebb1fb2f,Объектив Sigma 24-70 MM F2.8 DG DN ART E-mount,"Sigma AF 24-70mm F2.8 DG DN Art (Sony E-mount) — светосильный полнокадровый зум-объектив премиум-класса, обеспечивающий высокую резкость, быстрый шаговый автофокус и 11-лепестковую диафрагму для красивого боке. Идеален для репортажей и портретов.",1500,13,"https://sun9-60.userapi.com/s/v1/ig2/Krskwm9BOdI2BrBOnMIozuN0xMvriTVBO7P1FDHjgkq3F9275oDU6lWBRkCOiYVm4qX6N7JbCeiGKQCgFNo_XOlr.jpg?quality=95&as=32x32,48x48,72x72,108x108,160x160,240x240,360x360,480x480,540x540,640x640,720x720,800x800&from=bu&u=yrhIB1gRLZm3NiBrZsac8epA9tFcQ9LmBz98PdLVsxA&cs=800x0",true,1,13,
10530e8a-d4ba-4bbb-946c-59c1bc6594f5,Кабель ONECINE 4к HDMI-HDMI 37см.,"Кабель OneCine Basic HDMI-HDMI (37 см) — это ультратонкий, гибкий и короткий цифровой аудио-видеокабель. Он специально разработан для использования в составе операторских ригов, сетапов и при съемке со стедкамов (стабилизаторов)",200,9,"https://sun9-46.userapi.com/s/v1/ig2/lG760WOKGwvw1M3vp-wJ3zxwYCPBETzWjGXAB61yKmK-7ew4Os8TVA_uBvGnSuP9mJhAbCxGZRs5e5SQk8Bi3ehN.jpg?quality=95&as=32x32,48x48,72x72,108x108,160x160,240x240,360x360,400x400&from=bu&u=NVr9KHs37jlxlyF3tQuqUeX6EO4hghbT2goaKKLBYGg&cs=400x0",true,1,9,
11547f84-4293-4384-9a63-5442bb5feb24,Телесуфлер BestView T2 для смартфона,"Телecуфлёр BestViеw T2 - это мoбильный помoщник для блогepов, вeдущиx прямых транcляций и спикеров. Благодаря инновационной конструкции, телесуфлёр ВеstViеw Т2 возможно использовать как с камерой, так и с смартфона в качестве камеры. Смартфон фиксируется с задней стороны телесуфлёра, как горизонтально, так и вертикально.

Телесуфлёр ВеstViеw Т2 использует в качестве источника текста смартфон или планшет с диагональю до 8 дюймов, который надёжно закрепляется с помощью пружинного механизма.
Корпус телесуфлёра закрепляется на объектив камеры с помощью входящих в комплект переходных колец.
В комплекте переходные кольца с диаметром 49mm/52mm/55mm/58mm/62mm/67mm/72mm/77mm. Возможно использовать широкоугольные линзы.
В нижней части телесуфлёра имеется отверстие 1/4"" для крепления на стойке или штативе.",500.00,3,"https://sun9-54.userapi.com/s/v1/ig2/8PhyJJmbbgvcwEpuloJagCFNuEkGrzYL5Cl8I8YRaisICubKgUkICH0Strz3zXx7v6CX1QJSsJP6lblM3_rrbjXF.jpg?quality=95&as=32x32,48x48,72x72,108x108,160x160,240x240,360x360,480x480,540x540,640x640,720x720,1000x1000&from=bu&u=ypDrvkfDbqzcOaF1sWqXteFqahfm2op8vZPYeicOnMU&cs=510x510",true,1,3,
11cf1f61-1b85-495d-914a-1f460334e177,Переходник Jack 6.35,,100.00,9,"https://sun9-42.userapi.com/s/v1/ig2/R5xxUm3NOp0xDF5W72VBRHAHDp2XqrYXMS5rd_DUWa7spOq2-7ydbR4rSOVwP8_E9rCW7c4CR5AMP1fwKqg3GKvq.jpg?quality=95&as=32x32,48x48,72x72,108x108,160x160,240x240,360x360,480x480,540x540,640x640,720x720,1000x1000&from=bu&u=4wT67sVsiv29Nmmxs6FojL7XRtKrr2_Wj_wgDWx5_dM&cs=510x510",true,4,9,
12591dbf-13f3-48ab-8fc5-939400bafb63,Кисточка для чистки оптики,"Кисточка для чистки оптики - это высококачественную кисть из нейлона, позволяющая убрать крупные частички грязи и пылинки. Безопасна для всех оптических линз и покрытий, в том числе поверхности с мульти-просветлением. Перед использование рекомендуется продувать кисть грушей.",100.00,3,https://planetarium.ru/wa-data/public/shop/products/19/25/22519/images/19875/19875.970.jpg,true,2,3,
13191ee3-a57b-45a5-bc4e-35037fea8da9,Крепление для холодного башмака для камер,,50.00,4,"https://sun9-76.userapi.com/s/v1/ig2/hpoUpddj89CiN2ZD2N4byGkDx1FanB9DJl2D7zrxGz2tAJSf4zBfDrU2aZQZ2cyFIaWxSicxfb7SQgaYOtU0oOcv.jpg?quality=95&as=32x32,48x48,72x72,108x108,160x160,240x240,360x360,480x480,540x540,600x600&from=bu&u=w5OISzq65i_dwHsvA9zs2i9Nsx1Qa8Yg8RKpq2Kd8N0&cs=510x510",true,3,4,
179aa047-bbb1-4941-9571-6e20530a08c0,Apple Box Set 4 in 1,"Деревянные ящики-подставки для кино и фотосъемки идеально подходят для профессионалов и любителей, занимающихся созданием качественного контента. Эти ящики, также известные как Apple Box, являются незаменимым элементом оборудования на съемочной площадке, предлагая различные возможности для создания эффектных кадров и обеспечения удобства в работе.

Ящики представлены в нескольких размерах, что позволит выбрать наиболее подходящий вариант в зависимости от требований вашей съемки. Удобные ручки делают их простыми в манипуляциях, что значительно упрощает процесс работы на съемочной площадке.",700.00,3,"https://sun9-74.userapi.com/s/v1/ig2/OWtGeTlCrXmMearu1uYFky_UZJ-0N3H2lah32e49PDBjgzN7y3Kovr4QfcratJxh2k-QnP_EvMsK2yBcHJEmeryW.jpg?quality=95&as=32x32,48x48,72x72,108x108,160x160,240x240,360x360,480x480,500x500&from=bu&u=mZppsfJk-A0NXHc4nELGhKNNSTqt3A2fHhfM-_ixRY0&cs=500x500",true,2,3,
18e143a0-16b2-4c55-80a5-ee95b11f5cea,SD 256 ГБ class 10 u3,,300.00,23,"https://sun9-24.userapi.com/s/v1/ig2/1IUqcNtWL4b23WCAkM03nWx26wThs7jM9IxEt24P-TMpEiGmsusP3SiaMGRFsNWetkNcIci-DTlvW3cr9CXvt-bD.jpg?quality=95&as=32x32,48x48,72x72,108x108,160x160,240x240,360x360,480x480,540x540,640x640,720x720,1080x1080,1280x1280&from=bu&u=ScS0MBR-WCpIj_2gfhCpKHI6kVg89CNtWIHbs8dJOPg&cs=510x510",true,1,23,
18f20c2a-808c-489a-8aff-f86cf27f9c5b,Зажим для осветительного прибора Matthellini Clamp 28см.,"Matthellini Clamp 28 см — это мощная студийная струбцина (тип «Matthellini»), предназначенная для крепления осветительных приборов и аксессуаров к трубам, рейкам и другим конструкциям, с удлинённой штангой около 28 см для выноса точки крепления от базы.",300,4,"https://sun9-33.userapi.com/s/v1/ig2/641MCavO_uThbZS4i-fU_Cbe5nkol7frg8B8NtSZNPBKUnnioL0rIPjG__4UtvJcAj3warJFrX7VAetLV3hPaCcV.jpg?quality=95&as=32x32,48x48,72x72,108x108,160x160,240x240,360x360,480x480,540x540,640x640,720x720,776x776&from=bu&u=STS2wSPIPuAyMqD0oeJQruJgNb6ZT1dgNK_E5c1VU2M&cs=776x0",true,1,4,
195ef7a6-bea6-404b-98a4-87bcf13fd2db,Объектив Sigma 20mm f/1.4 DG HSM Art Sony E,"Объектив Sigma 20mm f/1.4 DG HSM Art для Sony E — это настоящая находка для тех, кто ценит качество изображения и широкие возможности в съемке. Его светосила f/1.4 позволяет запечатлеть удивительные детали даже в условиях слабого освещения, делая его идеальным для астрономической и ночной фотографии. 20 мм — это отличный компромисс между широкоугольным объективом и универсальностью, что делает его подходящим как для пейзажной, так и для портретной съемки.",1000.00,13,"https://sun9-51.userapi.com/s/v1/ig2/jmpdmXxa_1rU43TObPtVkyM-2kh3wXB1OBINw6z1RO2u0bB2jhghqCX1Fl01VjK300e7qBobp8Wp4TB_JW86c8sB.jpg?quality=95&as=32x32,48x48,72x72,108x108,160x160,240x240,360x360,480x480,540x540,640x640,720x720,800x800&from=bu&u=ALGLzF9yYcYEteQNbjHW4i_RgdD5vETbt7Ulo-WMEAg&cs=510x510",true,1,13,
1a0b177d-52ec-43d5-90f6-be2e8c074008,Зажим для осветительного прибора Matthellini Clamp 36 см.,"
Matthellini Clamp 36 см — это мощная студийная струбцина (тип «Matthellini»), предназначенная для крепления осветительных приборов и аксессуаров к трубам, рейкам и другим конструкциям, с удлинённой штангой около 36 см для выноса точки крепления от базы.
",350,4,"https://sun9-33.userapi.com/s/v1/ig2/6LaVZ9TkHluTwMahg-RSCoCP2hKs-_IrJV31xwJxDqZu81IFCrmKtxUcy5tCF0IORscYujhkt13fC6Z_erKB8SYK.jpg?quality=95&as=32x32,48x48,72x72,108x108,160x160,240x240,360x360,480x480,540x540,640x640,720x720,776x776&from=bu&u=3w_aTZAJaRxRGTmHKCE30EsNKqPk2Uekb1votx1Ugx0&cs=776x0",true,1,4,
1b49ffb8-c5d5-4fda-8fd8-24e57021eca0,ND фильтр ONECINE 82mm 2в1 CPL+ND (2-32 ступеней экспозиции),"Светофильтр ONECINE 82mm 2в1 CPL+ND (2-32) — это комбинированный гибридный фильтр диаметром 82 мм, совмещающий в одном корпусе переменный нейтрально-серый фильтр (VND) и круговой поляризатор (CPL). Он позволяет одновременно контролировать экспозицию и управлять отражениями света, заменяя собой сразу два отдельных аксессуара.",350,22,"https://sun9-84.userapi.com/s/v1/ig2/rOEa2H1OnXR-jF5Hmspsd9KMXZIgPh2Z1R9tuDP4gtd0DyAjy9Xhj-w1F4KSwNH0I663rHa_eu_FGEdZ6MSXcBVW.jpg?quality=95&as=32x32,48x48,72x72,108x108,160x160,240x240,360x360,480x480,540x540,640x640,720x720,1019x1019&from=bu&u=SLWXXUVAAUoTTnDO-Cyp6e2R46EiIO9MUH45U0spG4U&cs=1019x0",true,1,22,
1bc8d5d0-cf87-4178-b809-050c3bef848d,Камера Canon powershot g7x mark iii silver,"Цена указана за аренду в сутки!

Canon PowerShot G7 X Mark III – это компактная камера премиум-класса с 1-дюймовым CMOS BSI сенсором. Камера оснащена несъемным стабилизированным объективом с диапазоном фокусных расстояний 24-100 мм в 35 мм эквиваленте. G7 X Mark III имеет 3-дюймовый сенсорный дисплей, который может поворачиваться на 180° для селфи и видеоблогов. Наиболее заметная особенность G7 X Mark III – это возможность транслировать потоковое видео на YouTube прямо с камеры. Он также может захватывать видео 4K/30p с кропом 1.6 и 1080p с частотой кадров до 120p. Расширяет видеовозможности камеры наличие микрофонного входа. G7 X Mark III может снимать необработанные изображения со скоростью до 30 кадров в секунду с помощью электронного затвора с фиксированным фокусом или со скоростью 8,3 кадра в секунду с непрерывной автофокусировкой. Камера может питаться через порт USB-C и имеет встроенный Wi-Fi и Bluetooth.",2000,26,"https://sun9-49.userapi.com/s/v1/ig2/N4lWzMlPUuYytfm3hKUCoGiTRd-h_cUFlCdYyvnrKdWKewO2gHjzHTRU_YC79RPFqsNgcS_DqsmzveDuDzFOI1Rf.jpg?quality=95&as=32x32,48x48,72x72,108x108,160x160,240x240,360x360,480x480,540x540,640x640,720x720,1024x1024&from=bu&u=oBDHyk6f0Add0z2PZkXwXda2oC7Jzt5ecNdIyelAln0&cs=540x0",true,1,26,
1df50cbb-34d2-4493-8e49-89b170ff153e,"Комплект фильтров Freewell CPL, VND 1-5, 6-9","Цена указана за аренду в сутки!

Набор из светофильтров и специальной рамки для установки в компендиум Freewell Eiger. Держатель имеет специальную ручку для тонкой настройки силы эффекта фильтра, что позволяет корректировать поступление света без лишних действий

В комплект входит базовый CPL фильтр, а также две линзы ND эффекта с диапазоном 1-5 stop и 6-9 stop. Установив их вы сможете регулировать равномерное затемнение для работы с нужными значениями выдержки и диафрагмы. Благодаря современным технологиям нанесения линзы не искажают цвета, гарантируя профессиональное качество съёмки",600,22,"https://sun9-20.userapi.com/s/v1/ig2/dAHiu0kkzjPB8AJIyiR24vhJr7wAMyVXWGACxaXgENJSiG06NqCLzWimIj9n4M_BSJNVW-RtDS6t5VcL6rt4wDhs.jpg?quality=95&as=32x32,48x48,72x72,108x108,160x160,240x240,360x360,480x480,540x540,640x640,720x720,1000x1000&from=bu&u=8wlCOn6MeelNzIbBZgAE2nvKNZvHyT5BRp_Kn-qEiFs&cs=540x0",true,1,22,
1e2e98ec-ba23-4a23-bd06-f1c600062cdd,Зажим кабеля HDMI для клетки SmallRig,"SmallRig 3000 это прочный алюминиевый зажим кабеля HDMI, совместим с клеткой SmallRig 2999 для камеры Sony a7S III. Зажим предназначен для предотвращения вытягивания или случайного отсоединения кабеля HDMI. Он крепится к боковой стороне клетки с помощью одного винта 1/4""-20, который фиксируется двумя штифтами, предотвращающими перекручивание. Кабели крепятся с помощью удобного винта с накатанной головкой 1/4""-20. Винт регулирует блок, который можно затянуть в соответствии с кабелями разного диаметра.
",100.00,3,"https://sun9-41.userapi.com/s/v1/ig2/NCQ8qkVEViEvy_OxF4VESEkuGho60ousQNvx36yPt1qhxmJsGQ8T-xcpypGyt5eyRhsak3oCxDUtqVyvZrPDI3VO.jpg?quality=95&as=32x37,48x55,72x82,108x123,160x183,240x274,360x411,480x548,540x616,640x731,720x822,876x1000&from=bu&u=pDLcZpgp8QyITGh96323DQDStEUJzYx5WVIKt476oW4&cs=510x582",true,1,3,
217328ac-f7bf-42b8-b670-c89efddf1e4f,Лампа светодиодная Godox Knowled C10R Цоколь E27,"Godox Knowled C10R – уникальная светодиодная лампа-осветитель с цоколем E27 со стандартным форм-фактором лампы накаливания. Может заменять привычные источники освещения со значительными преимуществами: лампа C10R имеет более высокую мощность (до 12 Вт), регулировку режимов белого и цветного освещения, а также возможность управления со смартфона.

Лампа-остветитель предназначена для создания креативного (или имитации реального) освещения при профессиональной фото-видеосъемке: высокий индекс цветопередачи, различные режимы работы и отсутствие мерцания обеспечат качественный и необычный свет на съемочной площадке.
",250.00,7,"https://sun9-41.userapi.com/s/v1/ig2/b9S8-ry6qMXUJ5Fy6PflRO13WOKOLIHvbYh5vhqWKIiD_3tTLbyIAA_IAkAvmRwCIgLroaZpAEO7aTZIhUF88WXg.jpg?quality=95&as=32x32,48x48,72x72,108x108,160x160,240x240,360x360,480x480,540x540,640x640,720x720,1080x1080,1280x1280,1440x1440,2000x2000&from=bu&u=RQ773pbwQh0rUFNv_HqKg0NgVcTIScAmRMf_J-N7W7A&cs=510x510",true,4,7,
22ef5edd-57f7-4a6c-a84d-97c651ea02fe,Кабель XLR - Stereo Jack (2 м) Superflex,,200.00,9,"https://sun9-9.userapi.com/s/v1/ig2/-dQeThWNMcoY3vM_SgWDvfbbZJISlEVLrn6urh771WwmbhssHuqZLNdBTP1HLtk8pAjLeXz0f6tSN7lp2PirAmVw.jpg?quality=95&as=32x32,48x48,72x72,108x108,160x160,240x240,360x360,480x480,540x540,640x640,658x658&from=bu&u=DHBFipjHLjXV9rASOM-y50MfTCcKbHLngloHf3bC9HI&cs=510x510",true,2,9,
2754e1cf-f490-4d36-ae3e-af1d37816ba9,Беспроводной интерком Synco Xtalk на 9 абонентов,"Внимание! комплектацию можно делать: один интерком от 1 000р.

Беспроводной интерком Synco Xtalk XPro оснащён двумя внешними высокоэффективными антеннами, которые значительно усиливают передающий сигнал. Это обеспечивает надёжную связь на расстоянии до 500 метров между вами и вашей командой (до 100 метров при подключении более 5 абонентов). Мгновенная обратная связь исключает необходимость в перемещении для повторного подключения системы. Благодаря высокой помехоустойчивости, устройство идеально подходит для сложных и масштабных мероприятий с большим количеством участников (до 13 абонентов), будь то съёмки фильмов, спортивные трансляции, корпоративные вечеринки или профессиональные семинары",4000,17,"https://sun9-24.userapi.com/s/v1/ig2/VnhKY-VnHn--4azrMCAdydrj3mPxvoch4yN8TPIqzGMqFrsJbh6lLPNyvJ7SVsuc47zhUSNLkL-o7uTrGCvUZ39R.jpg?quality=95&as=32x32,48x48,72x72,108x108,160x160,240x240,360x360,480x480,540x540,640x640,720x720,970x970&from=bu&cs=970x0",false,1,17,
2837cf3c-f88b-4c0a-a3a7-bf1b252b9b2a,Одноразовый фотоаппарат Kodak Funsaver 39 кадров,"Одноразовый пленочный фотоаппарат Kodak Funsaver на 39 кадров — это простое решение для создания атмосферных снимков с уникальным ретро-эффектом. Заряжен качественной цветной пленкой ISO 800 (35 мм) и оснащен мощной встроенной вспышкой, что делает его идеальным для вечеринок, путешествий и съемок при слабом освещении.
",3190,29,"https://sun9-34.userapi.com/s/v1/ig2/2uzGnOpI5fF92b6LfLXfSFGkEmOzeDP7GI7_sbi0goZtXEeAZSQg64g_sHH2Y-sa7QkMNZQcH-499dbXLeio73B8.jpg?quality=95&as=32x43,48x64,72x96,108x144,160x213,240x320,360x480,480x640,540x720,640x853,720x960,750x1000&from=bu&u=5Atbw6IWexS7HvSFkNpl1tyDOS9UdtLc6SS7njW58FI&cs=750x0",false,1,29,
2d2e8160-47ba-4275-9ba0-5dd17652832b,Шкала для цветокоррекции spydercheckr 24,"Шкала Datacolor Spydercheckr 24 предлагает высокую точность полноразмерной цветовой шкалы с тщательно подобранными под необходимый спектр отражения цветовыми полями, в тонком, портативном, недорогом варианте, предназначенным как для фото, так и для видео. На обратной стороне Spydercheckr 24 находятся серые карта и шкала, позволяющие настраивать баланс белого и экспозицию как прямо в камере, так и при пост-процессинге. А «цветная» сторона позволяет пользователям производить автоматическую цветокоррекцию в Adobe® Photoshop® ACR, Adobe® Lightroom®, Hasselblad Phocus, и Blackmagic DaVinci Resolve.",200.00,3,"https://sun9-78.userapi.com/s/v1/ig2/Dz3g-0hw-35B9IpbCLyawcykphvDiIrZEwq8RCAul-hi3JVhOXNOqi6yyrznWzf6AdAWfSjk-DFphmXIKuLND7UB.jpg?quality=95&as=32x32,48x48,72x72,108x108,160x160,240x240,360x360,480x480,540x540,640x640,720x720,800x800&from=bu&u=IsCRSWavWqggNdG9enyMim2Lfgu0lqaEdIDqOAWf6hw&cs=510x510",true,1,3,
2e04e718-6645-4296-8094-dc1680001124,Беспроводной интерком Hollyland Solidcom C1-8S (на 8 абонентов),"Беспроводной интерком Hollyland Solidcom C1-8S (на 8 абонентов) — это полнодуплексная интерком-система, предназначенная для голосовой связи между до 8 участниками в реальном времени. Вот основные характеристики и описание устройства:
Используется технология связи DECT 6.0 на частоте 1,9 ГГц, что обеспечивает высокую надежность, безопасность (шифрование) и защищает от прослушивания.
Радиус действия до 350 метров от мастер-гарнитуры в условиях прямой видимости. При использовании базовой станции (хаба) радиус действия может достигать 700 метров.
Система включает одну мастер-гарнитуру, семь удаленных гарнитур.
Гарнитуры имеют функцию шумоподавления окружающей среды (ENC), что позволяет четко слышать речь даже в шумных условиях.
Каждая гарнитура оснащена двумя микрофонами для улучшенного подавления эха и фонового шума.
Время автономной работы гарнитур составляет 5 часов для мастер-гарнитуры и до 10 часов для удаленных гарнитур.
Конструкция с двумя антеннами улучшает защиту от помех и стабильность связи.
Система поддерживает функцию PTT (Push-to-Talk) и группировка абонентов по двум каналам (A/B).
Возможность подключения через базу к IP-сети и объединения нескольких интерком-систем для создания большой сети до 24 пользователей.
В комплекте поставки: мастер-гарнитура, 7 удаленных гарнитур, сменные аккумуляторы, зарядное устройство, блок питания, транспортировочный кейс.
Данный интерком идеально подходит для координации команд на съемках, мероприятиях и в других профессиональных сферах, где требуется надежная, мобильная и качественная голосовая связь.",6000,17,"https://sun9-11.userapi.com/s/v1/ig2/cWkw0eKnKltycqPo_WcepOb3qryDm5eiLA5al1RY_yooeMSugJAyYOAj7npoRrV9mN49rFdDDXLsRcLPDtmtwNgD.jpg?quality=95&as=32x32,48x48,72x72,108x108,160x160,240x240,360x360,480x480,540x540,640x640,720x720,800x800&from=bu&u=drRJ28jEID-vUpT3MIuvKDdvSQocH_f1_FhWEYZvDHM&cs=540x0",true,1,17,
306583b6-53d6-4ea3-98d4-8dae40ed3e72,FX фильтр портативный с разделенной диоптрией 79мм,"Портативный диоптрийный фильтр может размыть не имеющуюся сцену вокруг объекта и сосредоточиться на середине изображения.
Удобный захват: оснащенный ручкой для пальцев, его легко держать перед объективом, чтобы манипулировать эффектами, и вы можете принять забавные эффекты. Полезный аксессуар в таких сценах, как персонажи, пейзажи и ночные сцены.",350.00,22,"https://sun9-26.userapi.com/s/v1/ig2/zajOEfRtFPaPR6JgoafYQyYNExQxaIN0zvSEix8Bnajf4N2NzewS3RAFC05OsrR9LQsCJ2FxKrIHkHg5s5TL3Wq2.jpg?quality=95&as=32x32,48x48,72x72,108x108,160x160,240x240,360x360,480x480,540x540,640x640,720x720,800x800&from=bu&u=SdXJIXyfBSI4MkKMnrnfZWJev68YKGDq-Oj3ki92lP4&cs=510x510",true,1,22,
31704bf6-06b9-4e31-bd95-869d7c6e0f20,Световые трубки Godox RGB TL60,"Осветитель светодиодный Godox TL60 – это легкая и компактная световая трубка, выдающая яркий световой поток мощностью до 18 Вт в режиме bi-color с цветовой температурой 2700~6500К и цветной световой поток режиме RGB/HIS.",700.00,7,"https://sun9-50.userapi.com/s/v1/ig2/jmUCqoF93A9Rg3GQL2iGtV0JDDcxW6xtTh-sq5AfUIuNY4tEEw4HV8ipEQ22G4DqemRCf3qeOilGInaAjxn3cvzo.jpg?quality=95&as=32x32,48x48,72x72,108x108,160x160,240x240,360x360,480x480,540x540,640x640,720x720,1000x1000&from=bu&u=fuxshEGXV-V10O1JWtvarygorN9KuYFf-wsygBmImyE&cs=510x510",true,4,7,
317f0e1b-17c7-4ece-873b-ee4b5e1246b5,Фрост-рама 100х100,"Фрост-рамы используют, когда нужно смягчить свет и получить плавный градиент. При этом свет, который рассеивает фрост-рама, может быть любым: естественным или искусственным, постоянным (led-свет) или импульсным (вспышка или студийный моноблок).",900.00,4,"https://sun9-76.userapi.com/s/v1/ig2/qz6NurUyKO9zSuvQ6BLMhgreTCv8olxpOpJPnc6Lk0f7X5c9tfQGTP5V1VntJqCJWFGbhqpTihuVDPotE1QPaVO1.jpg?quality=95&as=32x42,48x63,72x94,108x141,160x209,240x313,360x470,480x626,540x704,640x835,720x939,785x1024&from=bu&u=m8105P6HHxqtnASscWmsojA2b7gk1GVoyk2Mao1XFI0&cs=510x665",true,1,4,
31a551d6-8980-4e84-b410-033982529e9e,Объектив EF 100mm f/2.8L MACRO IS USM,"Цена указана за аренду в сутки!

Объектив EF 100mm f/2.8L Macro IS USM обладает коэффициентом увеличения 1:1 для макросъемки, то есть объект съемки будет фиксироваться датчиком изображения камеры в натуральную величину. Этот универсальный объектив обеспечивает отличные результаты при портретной съемке и видеосъемке с рук благодаря возможности создания малой глубины резкости с красивым боке, а также встроенному гибридному режиму стабилизации изображения Hybrid IS и легкой конструкции.",1200,12,"https://sun9-88.userapi.com/s/v1/ig2/eqdvZJBkr8Lz3u0Mge5ObdSzjAzSgqjUEkguFXtOBEpfRU5dGqtXzY9jwAQAP4BjoehXN_JlO779APGZrpPhDGRF.jpg?quality=95&as=32x32,48x48,72x72,108x108,160x160,240x240,360x360,480x480,540x540,600x600&from=bu&u=BFnbAWloyGxoHuYrEv-CegPdaJqFsUX05N-wu7KHEzM&cs=540x0",true,1,12,
33f71af6-6b22-4ec8-8d98-15bfb4554e69,Сумка Ulanzi BC08 Camera Sling Bag,"Сумка оснащена съемными разделителями и наплечной накладкой, что позволяет пользователю настроить внутреннее пространство под конкретное оборудование. Подобная универсальность сделала модель идеальной для самых разнообразных гаджетов",300,27,"https://sun9-49.userapi.com/s/v1/if2/5KEqwvJE0Z960tDOlfC1zIYNItveO5jqLKiOnNkUueDKW72TstCXAMCoY31rFIRIAFRbhYObEdFiGFWxn5q0ReRK.jpg?quality=95&as=32x28,48x42,72x63,108x94,160x140,240x210,360x315,480x420,540x472,600x525&from=bu&u=Tbw8vk_tJMGsVHuCBZS_E0gMtTZYF8yQu0IeRioxMI8",true,1,27,
349371e2-0b5e-42ff-a07c-fe57565299a1,Аккумулятор Canon NB-13L,Аккумулятор Canon NB-13L — это оригинальная литий-ионная (Li-Ion) батарея для компактных фотоаппаратов Canon PowerShot.,200,2,"https://sun9-84.userapi.com/s/v1/ig2/-enY3J9w5ZTqlBkUjJ050q3EzjGvW5dUxzDONDrK3c45OdSy7vfeM5PPH_gPXSFLf3M6zHj7cELuWGtbvKdT4Jp7.jpg?quality=95&as=32x32,48x48,72x72,108x108,160x160,240x240,360x360,480x480,540x540,640x640,720x720,800x800&from=bu&cs=800x0",true,1,2,
35edb82b-a8b8-4bd3-bf79-fac1c81e6aeb,Камера Sony @ZV-E10 II,"Sony ZV-E10 II — современная беззеркальная камера для блогеров, видеографов и контент-мейкеров, доступная в аренду в Playback Rental (г. Кемерово). Благодаря новой APS-C матрице Exmor R с разрешением 26 МП камера обеспечивает высокую детализацию, широкий динамический диапазон и отличное качество изображения даже при слабом освещении.

Sony ZV-E10 II записывает видео в 4K до 60 кадров/с с передискретизацией 5.6K, поддерживает 10-битную запись 4:2:2, а также профессиональные цветовые профили S-Log3, S-Cinetone и HLG, что делает её отличным выбором как для коммерческих съёмок, так и для создания контента в социальных сетях.

Фирменный автофокус Sony с распознаванием глаз людей и животных быстро и точно удерживает объект в фокусе даже при активном движении. Полностью поворотный сенсорный экран идеально подходит для самостоятельной съёмки, а встроенный трёхкапсульный микрофон с ветрозащитой обеспечивает качественную запись звука без необходимости использования внешнего оборудования.

Байонет Sony E позволяет использовать широкий ассортимент объективов для любых задач: интервью, предметной съёмки, рекламы, репортажей, YouTube, Reels, TikTok и коммерческих видеопроектов.

Playback Rental предлагает в аренду не только камеры, но и объективы, стабилизаторы, свет, микрофоны, штативы и другое профессиональное оборудование для фото- и видеосъёмки.

Арендуй Sony ZV-E10 II в Кемерово и получай профессиональное качество изображения без затрат на покупку дорогостоящей техники.",1600,8,"https://sun9-17.userapi.com/s/v1/ig2/wboegFeZ8t40k7QyHF5Aa37RfWQM4lCnqOvSLOfDAcWSpSLZTLtw0iNLaF-qAfVDTt8sFJrH-u-gTLspaLPgH-JY.jpg?quality=95&as=32x32,48x48,72x72,108x108,160x160,240x241,360x361,480x481,540x541,640x641,720x722,1080x1082,1280x1283,1440x1443,1800x1804&from=bu&u=7FJZDI86nDwtbSR1qvLRPc1VdYPoIQs3YG2EhR_M6S0&cs=540x0",true,1,8,
362fa77b-15a6-4e09-8d96-a336d34f8dec,Светдиодный видеосвет Godox SL-60W 5500K,"Профессиональный светодиодный студийный осветитель с высокой яркостью и светопередачей. Мощный светодиод обеспечивает стабильный источник постоянного света и ровное освещение для видеосъемки, фотожурналистики, свадебных фотосессий. Прибор оснащен байонетом типа “bowens
",500.00,7,"https://sun9-12.userapi.com/s/v1/if2/BcMegdDxZecEzQzyD_Qx_NHpexhf0i1pRWclS9HcMSQSJ70wMdU0MxYTeDaNtVsIuFbUXhH22MmDXkeIagKKny_J.jpg?quality=95&as=32x24,48x36,72x54,108x81,160x120,240x180,360x270,480x360,540x405,640x480,720x540,810x607&from=bu&u=IjmThJqROmgJnlsysYE2VWUoDI6YurX_dXFGkwl9-4k&cs=807x605",true,3,7,
3659257c-5dfd-43ef-9c1a-299ab457436c,Катушка удленнитель 220В 10м. 4 розетки,"длинитель на катушке 10 метров, 4 розетки IP20 H05VV-F 3Х1,5 синий KBB10T предназначен для использования внутри помещений в мастерских, СТО, на производстве и т.д. Оснащен автоматическим термопредохранителем, защищающим от перегрузки и короткого замыкания. Качественный кабель и ударопрочная вилка обеспечивают долгую эксплуатацию.",300,18,"https://sun9-43.userapi.com/s/v1/ig2/932HTWpEW3MVRM0PUZsBY1W5UenN969AWODj9eBI-uZQM1oEOK_Et3mE0O1DtdtMnd0OEOtwf4Kw2cRMuLfo45uA.jpg?quality=95&as=32x21,48x32,72x48,108x72,160x107,240x160,360x240,480x320,540x359,640x426,700x466&from=bu&u=rMxl_Gg8V49f5VzpUBsqitGSRoJc3O7R4vKLWaWUFyc",true,1,18,
36b5c3fc-2da6-400e-a8b7-3dc81fff1047,Аккумуляторы NPF-550,"Аккумулятор NP-F550 / NP-F570 (2400mAh) - это надежное и качественное решение для обеспечения питания вашей камеры или осветительного оборудования.
Аккумулятор обладает емкостью 2400mAh, что обеспечивает продолжительное время работы вашей камеры или осветительного оборудования. Благодаря этому, вы сможете использовать свое оборудование на протяжении длительного времени без необходимости частой подзарядки.",200,2,"https://sun9-13.userapi.com/s/v1/ig2/BCulk9gjoQIMS0ksV8v3lbPJK5nSrWOO_wVgvW2aubXAtaWQOK2aNYMbTeXHcMm9-TpWOwTlxGdoSwUCZNJymnCh.jpg?quality=95&as=32x32,48x48,72x72,108x108,160x160,240x240,360x360,480x480,540x540,640x640,720x720,1080x1080,1280x1280&from=bu&u=4O2zfFFmStTWs7DOk3BH0w1MgQk2Ri7Oy1iq8A1poTo&cs=510x510",false,2,2,
3850096c-2032-4786-b7d8-720eb333f506,Коврик светодиодный Godox FL100BI биколорный 3300К–5600К,"Godox FL100 – портативный гибкий, пластичный светодиодный осветитель. Используется в процессе кинопроизводства, видео- и фотосъемки за пределами студии. Может служить источником света при предметной и портретной съемке, при съемке в небольшом пространстве, например, в салоне автомобиля.

Осветители обеспечивают качественный световой поток с плавно регулируемыми цветовой температурой и яркостью.",1100.00,7,"https://sun9-15.userapi.com/s/v1/ig2/DBeOMmnkPZFsCZ8bwOK4nbHEtL9YrUJ1JdqyMkdweeYJoB9pkuNfvxBlUdtIYEWZjYqoGnC0JH8ILuje6O_rPzdI.jpg?quality=95&as=32x32,48x48,72x72,108x108,160x160,240x240,360x360,480x480,540x539,640x639,720x719,1000x999&from=bu&u=OyS5Z4n4CdiXgLDsbgqc04DNZuqHqq1i6sprwe6MRr4&cs=604x603",true,2,7,
3e1a18dd-ed84-40d3-9a6b-8fc2c7a3b1c6,Мешок для песка SandBag 10кг.,,150.00,4,"https://sun9-75.userapi.com/s/v1/ig2/rILT6x-CQttTb5rV2Q3VQ7CDzsZBpyNJTwex5eqvGPwzBcQu3TJeltD2wjXF2kwmj_gUOWIZ607rOAjQfpCD0kkd.jpg?quality=95&as=32x32,48x48,72x72,108x108,160x160,240x240,360x360,480x480,540x539,640x639,720x719,1000x999&from=bu&u=hN5mZ_I9MbzPcMRrWiC7e3iW65fyieIbj709oE9AxUg&cs=604x603",true,4,4,
4072551b-e6b3-4a0e-b003-47e0c7dccd25,"Стойка steel 118-320см, нагрузка до 20кг.","Мощная металлическая стойка.
Высота 118-320см, нагрузка до 20кг.",450.00,21,"https://sun9-24.userapi.com/s/v1/ig2/cpToK2YKD5MVI8flnauQhQho3SnhOTFLHobp-LaYqQZQHflPHmy9Y9ONAKVW8lIXExtBAdSDDZghoc2YNgJeheeC.jpg?quality=95&as=32x32,48x48,72x72,108x108,160x160,240x240,360x360,480x480,540x540,640x640,720x720,1080x1080,1280x1280&from=bu&u=fRVX3ka1x5HHLXsLk9jeJKEpBBt-PgD05tPjeQK3hgI&cs=510x510",true,3,21,
41396434-d081-426f-b549-61f8dd004d45,XLR кабель (5м),"XLR-кабель 5 метров — профессиональный балансный аудиокабель, доступный в аренду в Playback Rental (г. Кемерово). Предназначен для подключения микрофонов, рекордеров, микшерных пультов, аудиоинтерфейсов и другого профессионального звукового оборудования.

Длина 5 метров обеспечивает удобство работы как в студии, так и на выездных съёмках, позволяя свободно разместить оборудование без лишнего натяжения кабеля. Балансное XLR-соединение гарантирует стабильную передачу сигнала с минимальным уровнем помех и шумов даже при работе в сложных условиях.

Кабель подходит для подключения проводных микрофонов, радиосистем, рекордеров Zoom, камер с XLR-адаптерами, микшерных пультов и другого профессионального оборудования.

Playback Rental предлагает в аренду полный комплект оборудования для записи звука: микрофоны, радиосистемы, рекордеры, микшеры, наушники, стойки и все необходимые аксессуары.

Арендуй XLR-кабель 5 метров в Кемерово и получай надёжное подключение для качественной записи звука на съёмках, мероприятиях и студийной работе.",200,9,"https://sun9-35.userapi.com/s/v1/ig2/0FmgqwcDghEOB4YzubLPxWBJ5aM0Z0iidsoPmZfkHTX2NWR4sr1J76-_icmjkbhAiXTgcWJJUPpgCoQriuX6qTD5.jpg?quality=95&as=32x32,48x48,72x72,108x108,160x160,240x240,360x360,480x480,540x540&from=bu&u=qP-lt2GfMwMThX1BX9BonZVqxCSgpZcCbbD9NKoGMAk",true,2,9,
43a9ed46-25cd-4175-8437-fac5e88a4da5,"Текстиль для фрост-рамы ""Белый"" 100х100","Фрост-рамы используют, когда нужно смягчить свет и получить плавный градиент. При этом свет, который рассеивает фрост-рама, может быть любым: естественным или искусственным, постоянным (led-свет) или импульсным (вспышка или студийный моноблок).",400.00,4,"https://sun9-28.userapi.com/s/v1/ig2/OMPE0LzNf2XK72zXk0Vq0_5BA1vXC5jD9u703oqo-LrCIliG7KGxeDX8TwxrPHAC8qS6BnUStfT5SmMBOvTx2az-.jpg?quality=95&as=32x32,48x48,72x72,108x108,160x160,240x240,360x360,480x480,540x540,640x640,720x720,1080x1080,1200x1200&from=bu&u=qPzjpqwvFywTAltepmG1nlgI3M4T_ogN2RTrNVnXpKU&cs=510x510",true,1,4,
446a2fab-8483-4ff2-a957-dc76674175fc,Накамерная вспышка Godox V480c (TTL для Canon),"Цена указана за аренду в сутки!
Звоните (оперативнее отвечаем).

Godox V480C — компактная аккумуляторная накамерная вспышка. С поддержкой E‑TTL / E‑TTL II, для canon. HSS до 1/8000 c и встроенным 2,4 ГГц радиосинхронизатором системы Godox X. Она имеет ведущее число около 50 (ISO 100, 105 мм), зум‑головку 24–105 мм, поворотно‑наклонную конструкцию для отраженного света и цветной сенсорный дисплей для удобного управления.",450,28,"https://sun9-26.userapi.com/s/v1/ig2/Nmc1BWGFmT90QSqtgWjP4zwiKwdfXByA_MKB1b5Ja5_pEDjywD5RSHhPAM2M_GAMatK4OblI5D5nLfJ5Z8zkiNZw.jpg?quality=95&as=32x32,48x48,72x72,108x108,160x160,240x240,360x360,480x480,540x540,640x640,720x720,1000x1000&from=bu&cs=1000x0",true,1,28,
45453466-8e14-4385-8fea-7463f3198ac9,Объектив Sigma 18-50mm f/2.8 DC DN Contemporary (кроп),"Sigma 18-50mm f/2.8 DC DN Contemporary — один из лучших универсальных светосильных объективов для камер Sony E (APS-C). Благодаря постоянной диафрагме f/2.8 он отлично подходит как для фото, так и для видеосъемки: от широких планов до выразительных портретов.

Компактный и легкий корпус делает объектив идеальным выбором для съемок в путешествиях, блогинга, свадеб, интервью, репортажей и коммерческого контента. Быстрый и тихий автофокус уверенно работает как при фото, так и при записи видео.

Если нужен один объектив практически для любых задач — Sigma 18-50mm f/2.8 станет отличным выбором. Высокая резкость по всему диапазону фокусных расстояний, светосильная оптика и компактные размеры делают его одним из самых востребованных объективов для камер Sony APS-C.",990,13,"https://sun9-65.vkuserphoto.ru/s/v1/ig2/6wC17FGKx0UouQYy-PZgAWGc77_FLaXF-YAUQYhhwu4PbZxf7Cbrxv8W-w02WClayrg4Fdx4kakGXLaAFzUmRr5a.jpg?quality=95&as=32x32,48x48,72x72,108x108,160x160,240x240,360x360,480x480,540x540,640x640,720x720,1000x1000&from=bu&u=xvusc9q_vlA4deVkTngZUrRP2pOYTL5I0La-Sb5nM2E&cs=1000x0",true,1,13,
45697f8e-bef9-4722-824f-ad445bfac006,"Текстиль для фрост-рамы ""Белый"" 60х60","Полотно просветное диффузное, светопропускная способность 50%, дает компенсацию экспозиции в 1 стоп. Служит для рассеивания света и получения контролируемой жесткости света — просто регулируя не только угол поворота относительно объекта съемки, но и расстояние от источника света до фрост-рамы. С помощью самоклеющийся застежки Velcro (липучка), можно быстро крепить на фрост-рамы Rigerd.
",350.00,4,"https://sun9-61.userapi.com/s/v1/if2/s7JKWooIjbLCgNpCPLGbULjri1QyKAFhrT4C8wyIx_dS2mCv2pPH1FN_Gn0-6tJ-ZqdCh6mKdnofWodDx77ETI18.jpg?quality=95&as=32x25,48x38,72x57,108x86,160x127,240x191,360x286,480x381,540x429,640x508,720x572,1000x794&from=bu&u=8f8UV861J19fnGGXj-GcchEc3Md01gELtn3DMmSwe7M&cs=807x641",true,1,4,
47188b75-67bb-4937-a564-ddbabc355d36,Кабель USB-c,"Кабель USB Type-C – это кабель, использующий новый и универсальный интерфейс USB, который позволяет передавать данные и/или питание. Он отличается компактным размером, симметричным разъемом (можно подключать штекером любой стороной), а также высокой скоростью передачи данных и мощностью.",150.00,9,"https://sun9-5.userapi.com/s/v1/ig2/OJpxzlkB8xQNAcVPlWy1oXaU4Cqq0Il93kFfNdGA7pNmTZKvB4GL-ChSCrWtfM5T71T_v7qvH3778frw_x1-2tqu.jpg?quality=95&as=32x32,48x48,72x72,108x108,160x160,240x240,360x360,480x480,540x540,640x640,720x720,800x800&from=bu&u=-htYO4eNiHh66tFxS7TzFeODhmEWRqyPsiqq9lnU_o4&cs=510x510",true,8,9,
475c7243-5329-49ef-b608-a49236ccb6a7,Косточка Magic Arm SmallRig 2158 7см.,"Основные особенности:
1. Перемещение и вращение в нескольких плоскостях.
2. Быстрая фиксация одним барашковым винтом.
3. Полезная нагрузка до 1 кг.
Универсальный держатель SmallRig 2158 состоит из двух последовательно соединённых шаровых шарниров диаметром 9мм. Закрепленное на нем оборудование можно свободно перемещать и вращать в нескольких плоскостях. Выбранное положение быстро фиксируется одним барашковым винтом. Для монтажа оборудования каждый шарнир держателя оснащен винтом ¼”.",180.00,4,"https://sun9-57.userapi.com/s/v1/ig2/Dt8kRMzkm_1LNYJDLb5GpgZ8Y5IPr6LTCepD7U6S-AWbO1ClbhOYYOLmPwwmesqT6fITgH64u061_3-4Qn7seDOa.jpg?quality=95&as=32x32,48x48,72x72,108x108,160x160,240x240,360x360,480x480,540x540,640x640,720x720,1080x1080,1280x1280,1440x1440,1600x1600&from=bu&u=TfNwwaA2ppRckJ1se1yi3wBkmUOnVWv1p-Ivv7I3tBE&cs=510x510",true,2,4,
47bec19d-32d2-4a73-861b-511c9b6b2fc6,Кулер для камер SmallRig 4815,"Цена указана за аренду в сутки!

Система охлаждения SmallRig 4815 предназначена для охлаждения беззеркальных камер Sony, Canon и Fujifilm, а также для увеличения длительности записи видео высокого разрешения.
Некоторые особенности системы:
Высокоэффективный вентилятор с TEC-модулем охлаждения позволяет быстро охлаждать камеру и эффективно устранять проблемы перегрева.
Встроенный интеллектуальный контроль температуры автоматически регулирует мощность охлаждения в зависимости от температуры контактной поверхности между системой охлаждения и камерой.
Быстроразъёмный монтаж облегчает установку и демонтаж, система совместима с большим числом моделей.
Может использоваться с клеткой для камеры или без неё, обеспечивая лёгкость и свободу использования.
Совместимость с монтажной пластиной для батарей V-Mount 4064B / 4063B, с использованием батарей V-Mount 3579 / 3580 / 4292.",400,3,"https://sun9-51.userapi.com/s/v1/ig2/EBB2lOWZTNVyYe0WqGzhX-tolI4vb-VOoNPKYidgLWV694PHSLSsQ6flzwIcI1tUiS_BzgfRg9BlP5tIGlsFudud.jpg?quality=95&as=32x32,48x48,72x72,108x108,160x160,240x240,360x360,480x480,540x540,640x640,720x720,1000x1000&from=bu&u=6oHu8FQ9YAqWGlaRWQKf1zKsRK-mGkXMlN3HUcY1OKE&cs=540x0",true,3,3,
480b8a68-68a2-4fe0-a223-8b98f9b74f7f,"Осветитель надувной Ulanzi UA20 Air Tube ","Осветитель Ulanzi UA20Светильник Ulanzi UA20 — это надувной осветитель мощностью 20 Вт с регулируемой цветовой температурой от 2700K до 6500K и индексом CRI 95. Он оснащён встроенным литий-ионным аккумулятором, который обеспечивает до 55 минут работы на максимальной мощности. Заряжается через USB-C порт.",800,7,"https://sun9-32.userapi.com/s/v1/ig2/QC-4UvB76QhCBrJ9v4LOIV_J4JCDjEVxWJyoHb7xKssl5UMW_xvbL369RZE6yB-y8Mc5Ig5XRjbxW9GUMHtadrW2.jpg?quality=95&as=32x32,48x48,72x72,108x108,160x160,240x240,360x360,480x480,540x540,640x640,720x720,970x970&from=bu&u=a-e6BACKOUYsjIvEm_lA6S9BOpsr5ThHESKU_joypTA&cs=540x0",true,2,7,
4ab5fd87-93f1-434a-b410-510281725a05,"Осветитель надувной Ulanzi AL60 Air Tube ","Ulanzi AL60 Air Tube — представляет из себя надувной мобильный осветитель. Благодаря надувной конструкции размеры очень компактны. Встроенная система автоматического надува позволяет привести устройство в готовность всего за 20 секунд – забудьте о ручном труде, достаточно одного нажатия!",1050,7,"https://sun9-10.userapi.com/s/v1/ig2/uCUd9G6kfTrKmNP3mAoBvXtzik6e5oVAEg6o1caS9iOOGbNP23CQ_M8TZVHNAkQlV0UjnrT4Nc8_QtuV2wf7KTTy.jpg?quality=95&as=32x32,48x48,72x72,108x108,160x160,240x240,360x360,480x480,540x540,640x640,650x650&from=bu&cs=650x0",true,2,7,
4bdb1553-ef62-473c-b07e-8267fb45c54a,Адаптер Canon Mount Adapter EF-EOS R описание,"Адаптер крепления Canon EF-EOS R позволяет использовать объективы с байонетами EF и EF-S на камерах Canon EOS R, сохраняя тот же уровень производительности и функциональности, что и на цифровых зеркальных камерах EOS.",500,14,"https://sun9-21.userapi.com/s/v1/if2/PFFxUU3tWc142Zey2WV5iGnghMXTuXwSLb1ZbwzTEUNDjx9mpGIpxQ2tNnuWN4t7lFj2BcekSBOBsf3VydCyTT75.jpg?quality=95&as=32x28,48x42,72x63,108x94,160x140,240x210,360x315,480x420,540x472,640x560,720x630,1000x875&from=bu&u=Sl2Mxh_p5YbxWAdxvVYQlyAXWvYaXjr61Crw3-UQCAo&cs=640x0",true,1,14,
4bfaad12-275f-44d9-885c-d9bbd1129022,Камера Instax mini 12,"Instax MINI 12 – очередное обновление самой популярной моментальной камеры. Изменения коснулись внешнего внешний вида: камера стала более прямоугольной, хотя в целом сохраняет округлые черты своих предшественниц. Немного переделано управление: теперь камера включается поворотом кольца на объективе, также поворотом включается режим съемки с малой дистанции (для макро или селфи с рук) – так удобнее. При включении макрорежима в видоискателе происходит коррекция параллакса: проще говоря, рамка в видоискателе стала точнее показывать границы реального изображения. В остальном камера повторяет Instax Mini 11: экспозиция и мощность вспышки устанавливаются автоматически (оптические датчики смещены ближе к центру корпуса, чтобы вы не могли случайно закрыть их пальцами во время съемки). Все, что вам нужно сделать, – это навестись с помощью видоискателя или зеркальца для селфи, а затем нажать на спуск. Кнопка спуска расположена таким образом, чтобы ее было удобно нажимать независимо от того, в какую сторону смотрит камера. Как фотографировать? Это очень просто. Если в камере нет бумаги, откройте заднюю дверцу и зарядите картридж Instax mini (совместите оранжевую метку на картридже с меткой на корпусе). Батарейки заряжаются сбоку, без них камера не работает (2 шт. АА, в комплекте) Поверните кольцо объектива в положение ON, чтобы включить фотоаппарат. Подождите несколько секунд, чтобы зарядить вспышку. Если над объективом горит лампочка, камера готова. Прицельтесь в видоискатель и нажмите на спуск. Чтобы снимок полностью проявился, надо подождать примерно 1.5 минуты. Желательно, чтобы на снимок во время проявки не падал прямой солнечный свет. Чтобы выключить камеру, поверните кольцо обратно, в положение OFF. Как сделать селфи? Поверните кольцо на объективе в положение CLOSE-UP.
",1000.00,24,"https://sun9-62.userapi.com/s/v1/ig2/lbbP977l6SXQyAqtfflGTAnbu7QD587h7-AfRvLnySKwHSm48fQEPhBnE98HBc36tPFxwff3cpqPrwWEVLY4vUsO.jpg?quality=95&as=32x32,48x48,72x72,108x108,160x160,240x240,360x360,480x480,540x540,600x600&from=bu&u=dj0i4j_MW2CQXMTyFRBkSX-tjZnD7JOMirFSjtd807c&cs=510x510",true,1,24,
4bfb4d9d-f47f-4cbb-8699-3916c1f2bdd0,GoPro Hero 13 Black(в клетке smallrig) + 1 аккумулятор,"Клетка SmallRig 3084 предназначена для защиты камеры GoPro Hero 13 / 12 / 11 / 10 / 9 Black и установки дополнительных аксессуаров. Она совместима с адаптером микрофона GoPro и модулем объектива GoPro Max. Клетка повторяет форму корпуса камеры, не блокирует доступ к панели управления, настройкам и разъемам.",1500.00,1,"https://sun9-7.userapi.com/s/v1/ig2/Zl3ReowYXgeZ_4cvls-8LQlowFYv0lORggQBotu2rDn6-ozM9qC7HKAoGdyGEJPH_XQKtEozn526U-IfojuKo8DP.jpg?quality=95&as=32x32,48x48,72x71,108x107,160x159,240x238,360x357,480x477,540x536,640x636,720x715,1000x993&from=bu&u=VxIJdqRNfcP65V4X3VdKnx2AND9a0RN5kM_ZJ_8jwU4&cs=604x600",true,1,1,
511a3645-3f69-456d-ab1e-79f4ba9df6ab,Зажим для осветительного прибора Matthellini Clamp  32 см.,"Matthellini Clamp 32 см — это мощная студийная струбцина (тип «Matthellini»), предназначенная для крепления осветительных приборов и аксессуаров к трубам, рейкам и другим конструкциям, с удлинённой штангой около 32 см для выноса точки крепления от базы.

",350,4,"https://sun9-67.userapi.com/s/v1/ig2/IOEYagzmbaOU80kFcmzn__6qFSvhbXNXR1tL6QeObI7pRxfWzyWZYMwB-78ntrbcZ3XCEALSQtzVUN01OZY4IL9t.jpg?quality=95&as=32x32,48x48,72x72,108x108,160x160,240x240,360x360,480x480,540x540,640x640,720x720,776x776&from=bu&u=XVot_hTchxruHixK9o7fz6Fvm6nBaQ0a1yibhMP_3vE&cs=510x510",true,1,4,
512aa66a-cd5a-4726-91f7-b7f531d7a798,Аккумуляторы NPF-960,"Sony NP-F960 современная, компактная и легкая аккумуляторная батарея, которая обеспечивает ваш фотоаппарат энергией в любых условиях.",250.00,2,"https://sun9-45.userapi.com/s/v1/ig2/WYryM_qBd_pOZEe9IHWOaDeYTzn0HnCKNnMlueZcTucAAyEPMpgBrOSqW8kg8EMR9LFRMpFaAa4433eFt_G9lrXb.jpg?quality=95&as=32x32,48x48,72x72,108x108,160x160,240x240,360x360,400x400&from=bu&u=FG8vp_R7T7yhei6ZgQnAgmJuQvdPZrbj8S_aU2uoE4s&cs=400x400",true,3,2,
5581101c-9ceb-48df-b98b-83e9d65fb2d0,"Комплект переходных колец ""K&F Concept"" для светофильтра","Комплект переходных колец K&F Concept (49-82 мм) — это профессиональный набор оптических адаптеров, предназначенный для установки светофильтров, бленд и вспышек на объективы с разным диаметром передней линзы. Набор позволяет использовать один фильтр большого диаметра (например, 82 мм) на объективах меньшего размера, избавляя от необходимости покупать отдельные фильтры под каждый объектив.",150,22,"https://sun9-10.userapi.com/s/v1/ig2/0i-JtY_jPB_-d9vsIzUrCV5Al26wyocCNREul3_bD_2-QMxXnaJ3spu9-kOwSUTCq7Xsz1hVmRpTTUAAaLyFZGUR.jpg?quality=95&as=32x32,48x48,72x72,108x108,160x160,240x240,360x360,480x480,540x540,600x600&from=bu&u=qIzByooJyOVeCA361JRoSLYCpAcGourwmp8NkTJlLmk&cs=600x0",true,1,22,
55b3d557-8fbc-416b-af2b-770cb3c6f811,Аудиокабель 2rca - 2rca,Двойной аудиокабель RCA обычно используется для подключения аудиоустройств и динамиков . Разъемы имеют цветовую маркировку для левого и правого каналов,150.00,9,"https://sun9-24.userapi.com/s/v1/if2/odKL31rsTzrC39wONOp5vWMcXbHOhST660MJ7B3B_V4v28DosZVmyuqscOK_hhPTIBNQ8LMadfKZkqsvpVe7jDfZ.jpg?quality=95&as=32x24,48x36,72x54,108x82,160x121,240x182,360x272,480x363,540x409,640x484,720x545,863x653&from=bu&u=ACk2DcZumjyK3Q7ToGZjpctPRFcMfhf-2qmnXuZCR_A&cs=807x611",true,1,9,
55bed708-e446-49e5-bc91-dea253a9df34,Радиосинхронизатор Godox X3-C (TTL для Canon),"*Подходит на любые системы.
Радиосинхронизатор Godox X3-C TTL для Canon – это компактное устройство с сенсорным OLED-экраном, предназначенное для дистанционного управления вспышками Canon и другими источниками света Godox по радиоканалу (2,4 ГГц). Он поддерживает режимы TTL и ручной режим, а также имеет функцию TCM (преобразование TTL в ручной). Синхронизатор оснащен встроенным аккумулятором с зарядкой по USB-C, прочным креплением и обеспечивает управление 32 каналами и 99 ID.",400,28,"https://sun9-73.userapi.com/s/v1/ig2/uNf17wNEpdRRS_R8GJAHZt5_v_O6M83GMeJC3HlsqkN9Dn4wT1CkglykaMJwCGS6hIDrGWopTgGkjq-WdGhhuwth.jpg?quality=95&as=32x32,48x48,72x72,108x108,160x160,240x240,360x360,480x480,540x540,640x640,720x720,1080x1080,1280x1280,1440x1440,2500x2500&from=bu&cs=2500x0",true,1,28,
56262e08-1a25-4344-b6b8-cfbb62d3e2c0,"Журавль KUPO KCP-648 Junior Boom Arm 168-305см, от 10 до 40кг.",,1500.00,21,"https://sun9-69.userapi.com/s/v1/ig2/uR0TgSsNJ5JazeL6Isg6IORK9O1k-feZOFrRKdvRlX2M2ELltI7qCXPK0ROc4bMCqL7Pl9ZytGA6sYqCr-Ag5XD4.jpg?quality=95&as=32x32,48x48,72x72,108x108,160x160,240x240,360x360,480x480,540x540,640x640,720x720,1000x1000&from=bu&u=Z8-DcusbwDMZ6_qbehLlDQfR5H2Rcqau3YV1vvtsgRQ&cs=510x510",true,1,21,
5665bb49-3f6d-412d-b492-90c75968ed74,Микрофон накамерный Rode VideoMic Pro Plus,"VideoMic Pro + является новым эталоном накамерных микрофонов. В микрофон добавлены такие восстребованные функции как встроенный аккумулятор, функция автоматического включения микрофона и выход второго канал звука с безопасно-пониженной громкостью.",700.00,6,"https://sun9-23.userapi.com/s/v1/ig2/6Dt9VZOv1RuYmJL0aq3ObVFiqnT_aIYf08svOleUgyXrzU12--3NNpyVDk3vhTord8naE-GUgubLJWc8TcfwAqC-.jpg?quality=95&as=32x32,48x48,72x72,108x108,160x160,240x240,360x360,480x480,540x540,640x640,720x720,750x750&from=bu&u=vlWa3oTpc_EBo195tteOcebUUfLiAItFhbaq2comdmw&cs=510x510",true,1,6,
5ba2e0b8-d532-4591-9fcc-b567fa291362,Микрофонная стойка настольная Gravity MS T 01 B,"Подставка для микрофона Gravity MS T 01 B состоит из тяжелого и компактного основания и стальной трубы с резьбой на конце. Накладка, изготовленная из резины, покрывает всю окружность основания и позволяет минимизировать нежелательный шум и защищает покрытие поверхности, на которой она располагается.",300,6,"https://sun9-33.userapi.com/s/v1/ig2/KoGW-9Hb22F1oR-dyu0Lz8TRG_Jd55aEF69CdXVEU69UgThIex-3dFhi9mCIPvVc1XDZq5ALoeIvKp3cfsQbHG_D.jpg?quality=95&as=32x32,48x48,72x72,108x108,160x160,240x240,360x360,480x480,540x540,640x640,720x720,768x768&from=bu&u=9vhSMo3JYbiBm1IzyVs7kSuOvNqI2HyyycztntRRjQY&cs=540x0",true,2,6,
5c16aabf-401a-4db0-a066-cf1365034b2a,Проекционная насадка Godox MLP26K,"Проекционная насадка Godox MLP26K байонет Godox
Разожгите свое воображение с помощью проекционной насадки MLP! Проекционные насадки MLP, совместимые с компактными осветителями серии ML с байонетом Godox, созданы для творчества и готовы воплотить в жизнь ваши художественные идеи. Формируя луч с равномерной интенсивностью освещения и безупречным оптическим качеством, проекционные насадки MLP обеспечивают потрясающую точность и вариативность применения. Благодаря множеству различных аксессуаров проекционные насадки позволяют дать именно тот результат, которого требует творческая задумка.",600.00,16,"https://sun9-5.userapi.com/s/v1/ig2/tuSsRw4wSCRnELgwBLZWQWw0Ko1_tE4h58zdaO13yx-W4QqI4jSZjymommKaIoIddNisCue_ekWgTlDVI-RP_ZFg.jpg?quality=95&as=32x32,48x48,72x72,108x108,160x160,240x240,360x360,480x480,540x540,640x640,720x720,1080x1080,1280x1280,1440x1440,2500x2500&from=bu&u=uX5kZGyYk3qtNS5fuzWy4f6FcUOjLm5B_QfFbPf313E&cs=510x510",true,2,16,
5c7c381d-74cf-422e-afc1-707f09c48934,Картридж Instax Wide (10шт. фото),Цена указана за картридж (10 фото.),2000.00,24,"https://sun9-76.userapi.com/s/v1/ig2/Pq-vacu8NRTRqCasRZyOtNb-57LDklwIHkblB0WzgFmim7XKhyHE7F3GKL4Zd-1rbidfGRtXpkVbaPMlNC7-dog3.jpg?quality=95&as=32x32,48x48,72x72,108x108,160x160,240x240,360x360,480x480,540x540,600x600&from=bu&u=M3pvKRsfUphtViD2x7UQ8Dm1Zja3VBuCH16ExJL83h8&cs=510x510",true,2,24,
5d209b15-74d3-4f29-96f8-202a88bffd5e,Зарядное устройство для аккумуляторов NPF,Совместимо с сериями NP-F970 NP-F770 F750 F550 F570.,200.00,2,"https://sun9-68.userapi.com/s/v1/ig2/rHvZn1LgnAQRRisAqLkXxasjiSFt2rxXDq2GC1RNX4Nw4O1DI3cidcr__ot-pIp7ot8Tg2akbuvkMvwQIwK4JHcx.jpg?quality=95&as=32x32,48x48,72x72,108x108,160x160,240x240,360x360,480x480,500x500&from=bu&u=8rHeHALcdw-bstI3JmgguIUDEbRpwsk-bp_V6QRTW1E&cs=500x500",true,2,2,
5e38dca6-decd-4e40-8f09-89b3d5a62ad8,Переходник HDMI - HDMI micro,"Он преобразует порт mini HDMI, либо micro HDMI в камере к гнезду HDMI, что позволяет подключать внешний монитор с помощью обычного кабеля HDMI. В переходнике используются позолоченные разъемы, которые обеспечивают передачу сигнала без потери качества. Поддержка разрешения до FULL HD 1080p.",150.00,9,"https://sun9-31.userapi.com/s/v1/ig2/KFfq7ntSLNs2lOC0DUd73bt2sacx8b4JWSeeoVNcb2QHgFXbBLpDTwakcv36CP4zJ96BJ9NBhHfKMU78fnsHPptN.jpg?quality=95&as=32x32,48x48,72x72,108x108,160x160,240x240,360x360,480x480,540x540,640x640,720x720,800x800&from=bu&u=LBSj_d3_k3Hug1r6rzFCg7GH5CBxCONiSGcpkpSnbbU&cs=510x510",true,3,9,
60acb834-1075-4043-bb4e-4eb8e7815ac4,Удлинитель сетевой 220В 10 метров,,200,18,"https://sun9-33.userapi.com/s/v1/ig2/9pkd1FlgQw9PtdR9OlCM5xDW9yxnSDXWsSz4EUBdyA7nQG9pjgKsPlNVlvA8UFIzqLYr8KKd6r2eqT-ieIsX-Vrh.jpg?quality=95&as=32x32,48x48,72x72,108x108,160x160,240x240,360x360,480x480,540x540,640x640,709x709&from=bu&u=v7J-o6v1hFF4_L4M9oPgQYK-BolMk9K_JBKKWMM75ZI&cs=510x510",false,1,18,
60f8dbf7-521b-4546-866f-2d3409351e35,Аккумулятор V-Mount BP-950 (95Wh),"
Аккумулятор V-Mount BP-950 (95Wh), также известный как KingMa BP-95WS или BP-95W, представляет собой литий-ионный источник питания для профессионального фото- и видеооборудования с креплением V-Mount.
Основные характеристики
Емкость составляет 6600 мАч при напряжении 14,8 В, что дает энергию 95 Вт·ч. Размеры примерно 152 × 96 × 38 мм, вес около 0,6 кг, корпус из жаростойкого ABS-пластика с медными контактами для надежности.
Оснащен разъемами D-Tap (до 80 Вт, 14,8 В / 6A) и USB (5 В, 2,4 А) для питания аксессуаров. Есть 4-уровневый LED-индикатор заряда и кнопка включения.",490,2,"https://sun9-60.userapi.com/s/v1/ig2/f1sGze0N-7JB8Vlq4SUhlnB4xo2f2ZkSzY18zcjeah4fVXU9gaYRoPUN2vNY5xnslss_GebzH4DDv7uw7OQuVOJp.jpg?quality=95&as=32x28,48x42,72x63,108x94,160x140,240x210,360x315,480x420,540x472,640x560,720x630,750x656&from=bu&cs=750x0",true,2,2,
61320ace-e687-4f63-a3ee-63db8b79f9a9,Аудиокабель jack 3.5 - 2rca,,150.00,9,"https://sun9-71.userapi.com/s/v1/ig2/xionrf8FCMd8ZszORtX9yreKpXPPOWmbUUCq1tYO8PurJApgRC0lNccqy5QGX_tcttgiWD2CC25k9doVVE6X83wi.jpg?quality=95&as=32x32,48x48,72x72,108x108,160x160,240x240,360x360,480x480,540x540,640x640,720x720,1000x1000&from=bu&u=L0GVXawUZtQcn8KgwYOoG1R6UEpWjeLDp2gcn1lg9t4&cs=510x510",true,3,9,
619dc6e5-010f-48b1-abd0-eaaadcb7778c,Автомобильный инвертор 500 ВТ 12В в 220В + USB Port,"Автомобильный инвертор REXANT обеспечивает преобразование автомобильного постоянного тока с напряжением 12В в переменный ток с напряжением 220В. Применяется для подключения электроприборов, которым необходимо напряжение в 220В. Преобразователь подключается к гнезду прикуривателя автомобиля, либо к клеммам аккумулятора.Универсальная розетка позволит подсоединить к сети различные виды электротехнических приборов, таких как: ноутбук, аккумуляторные зарядные устройства, цифровые камеры, сотовые телефоны, электроинструменты, телевизор и многое другое. Авто инвертор очень компактный и многофункциональный, заменяет собой дополнительные аккумуляторы для устройств, электрические генераторы, солнечные батареи и т.д. Инвертор оборудован системой защиты от перегрева, перегрузок и короткого замыкания, которая не допустит выхода из строя автомобильного оборудования и подключаемого устройства. Максимальная мощность подключаемых приборов 500 ватт.
В инверторе предусмотренна универсальная розетка (выход 220В) и USB- выход 5V 1A. ",500.00,18,"https://sun9-43.userapi.com/s/v1/if2/3Vl2neJ5tzMzkJPZ4qy60uVMbkelkUf-SkRLmmZ3T5ZEaIoqtUSl4JLv39WFRvuMnP5ULshKNuFaDMIKop3TmO4x.jpg?quality=95&as=32x25,48x38,72x57,108x86,160x127,240x190,360x286,480x381,540x428,640x508,720x571,1080x857,1181x937&from=bu&u=7kqsZaGmOZmzkbpJrKvWz5r9OdvlSfQypv7Dz3zbs3o&cs=807x640",true,1,18,
61f8ded2-d880-4032-97d8-fb8a04d5c6ca,Штатив Manfrotto MVT502AM с головой MVH500A (max 5kg.)675мм-1540мм.,"Профессиональный комплект, состоящий из двухступенчатого видеоштатива с жидкостной головой, которая имеет расширенную платформу для монтажа камер HDSLR. С этим штативом можно легко менять объективы и устанавливать дополнительное оборудование. Устройство снабжено сбалансированной скользящей площадкой и противовесом, а также боковым фиксатором
",800.00,15,"https://sun9-22.userapi.com/s/v1/ig2/4Awk7hYSZKPgVGWM_C7zjv_O8mdIFkDD3G61T-lQR8KnFYfRtQxEfpCYRqqu499w78s490-ussNlJ_9JaIQYZDyl.jpg?quality=95&as=32x32,48x48,72x72,108x108,160x160,240x240,360x360,480x480,540x540,640x640,720x720,800x800&from=bu&u=Ia3kN-HM0EE__khqd22bCY_kzfK1OsLUh-P8BBCUJ0U&cs=510x510",true,1,15,
62d52b0d-e95e-416b-ad4e-7e6dd20c6c67,Площадка питания V-Mount ZGCINE VR (на суппорта 15mm),"Площадка питания V-Mount ZGCINE VR (на суппорта 15 мм) – это универсальное решение для обеспечения энергией профессионального фото- и видеооборудования, такого как камеры, мониторы, системы фоллоу-фокуса и другие аксессуары, использующие аккумуляторы стандарта V-Mount.",290,2,"https://sun9-74.userapi.com/s/v1/ig2/-cB2IDiiZybtvtVYyQlW1wCqBImi5ReI4Cwhav0uKEf_qZMy6iXrrw7jXG-KQ7MVPY-7kmp1bfqaDLPtyeQqvGOo.jpg?quality=95&as=32x32,48x48,72x72,108x108,160x160,240x240,360x360,480x480,500x500&from=bu&cs=500x0",true,1,2,
632f687e-aef9-4705-a510-8f6d4b0f2525,Электронный стабилизатор DJI RS 4 Pro (max 4.5кг),"Стабилизатор DJI RS 4 Pro изготовлен из углеродного волокна с тефлоновым покрытием, весит 1,6 кг и рассчитан на камеры массой до 4,5 кг. Младший в обновлённой линейке сделан из алюминия с тефлоновым покрытием, его вес составляет 1,4 кг, максимальная полезная нагрузка — 3 кг.",3000,20,"https://sun9-33.userapi.com/s/v1/ig2/SfJWpoc8XtbQL4iFzTCB4tmvu3qKuAddLsM-g64dZ2prgvAFoArWu0RS5BgWxsoelNDELVsH5XgjkyX5JT0jVs0S.jpg?quality=95&as=32x32,48x48,72x72,108x108,160x160,240x240,360x360,480x480,540x540,640x640,720x720,1080x1080,1200x1200&from=bu&cs=1200x0",true,1,20,
67c1eb69-d9a4-4781-bff6-55cbe60ac90e,Крепёжная головка KUPO KCP-200 Grip Head 2-1/2”,"Головка KUPO KCP-200 2-1/2"" GRIP HEAD (также известная как gobohead) представляет собой пару вращающихся алюминиевых дисков для зажима трубок различного диаметра, прикрепленных к двустороннему приемному гнезду 5/8"" (16 мм).
",250.00,4,"https://sun9-35.userapi.com/s/v1/ig2/wEL0JDcS3jb4Iv27aBoo4gX6V-11Ki3DJW8OJ6KDtM7ux-4ui0khxDqnKN7r1H65_3bfQbtVu2qMSyfzxhi_1Yy4.jpg?quality=95&as=32x32,48x48,72x72,108x108,160x160,240x240,360x360,480x480,540x540,640x640,720x720,1000x1000&from=bu&u=OsyWeDIlfcJPw05xpq7rEuU2MnoNhniaBCH793HWEGY&cs=510x510",true,4,4,
68d0127b-79a2-4a1c-9fda-f4e049c95f57,Экстеншн KUPO 52см. + Grip Arm KUPO (KCP-221),"Кронштейн разработан для установки любых осветительных приборов и аксессуаров, от небольших вспышек, моноблоков, экранов и флагов, до больших вольфрамовых осветительных приборов и муслиновых фонов. Для установки оборудования оснащен шестигранным стержнем 5/8"" (16 мм).",350.00,4,"https://sun9-14.userapi.com/s/v1/ig2/HCM8R9IJbFkcIGawfIWnsLI2nFp6fZ3enZr0ACR8Ncxcl8WTZxjEjiueynQjgPApAOvj4lOOGEEC4a_KOvugOqcG.jpg?quality=95&as=32x32,48x48,72x72,108x108,160x160,240x240,360x360,480x480,540x540,640x640,720x720,800x800&from=bu&u=0OA6KdBZReYTbsMqtCMbhGRNlTDm1s28q1WUqdQ_cW4&cs=510x510",true,2,4,
699c6f6f-b352-4e7f-a42a-15fd37b8ffcb,Повербанк Xiaomi 10000mAh,"Порт USB-C поддерживает двустороннюю быструю зарядку, а полная зарядка внешнего аккумулятора занимает всего 4,5 часа*. Два порта USB-A и один порт USB-C можно использовать одновременно для зарядки различных типов электронных устройств, например смартфонов, планшетов и фитнес-браслетов.",200.00,2,"https://sun9-48.userapi.com/s/v1/ig2/uhoXRV3X8Hx1IdbHlk8YEbJIlqqMDj7u0GEqwEJvawdIUKrCrdtcCelnjzpTNl-Rv_UMdJpQXFJenhF8TrN810DM.jpg?quality=95&as=32x32,48x48,72x72,108x108,160x160,240x240,360x360,480x480,540x540,640x640,700x700&from=bu&u=msz3OcnkBXU3TFRAnsJvC5Ue9Le5_FYXys3Vu_5mBNU&cs=510x510",true,3,2,
6ac525b7-6f97-4d5f-bf5c-57ff0fb29af5,"Стойка C-STAND Kupo S-40MK 40”, 133см.","Kupo CS40MK 40"" – стандартная стойка.

Модель оснащена одной сдвигаемой ножкой, которая позволяет адаптировать положение стойки на неровных поверхностях. Стойка изготовленна из хромированной стали и имеет серебристый цвет. Вес –9,19 кг. Максимальная высота – 323 см.",500,21,"https://sun9-16.userapi.com/s/v1/ig2/oSQje7R-OgAq21kIYMbXJc0jPs-E3He0Y-tVwty1sUoI-l3xS3jaFOSCZqW1qA1qHc3Lrt8X1GhzV7ktF5Z9TfOu.jpg?quality=95&as=32x32,48x48,72x72,108x108,160x160,240x240,360x360,480x480,540x540,640x640,720x720,800x800&from=bu&cs=800x0",true,2,21,
6b943c1e-8dbf-47db-a625-c29e0696bad7,"Текстиль для фрост-рамы ""Белый"" 120х120","Диффузор для фрост-рам Rigerd 120×120 Полотно просветное диффузное, светопропускная способность 50%, дает компенсацию экспозиции в 1 стоп. Служит для рассеивания света и получения контролируемой жесткости света — просто регулируя не только угол поворота относительно объекта съемки, но и расстояние от источника света до фрост-рамы. С помощью самоклеющийся застежки Velcro (липучка), можно быстро крепить на фрост-рамы Rigerd.",450,4,"https://sun9-61.userapi.com/s/v1/if2/s7JKWooIjbLCgNpCPLGbULjri1QyKAFhrT4C8wyIx_dS2mCv2pPH1FN_Gn0-6tJ-ZqdCh6mKdnofWodDx77ETI18.jpg?quality=95&as=32x25,48x38,72x57,108x86,160x127,240x191,360x286,480x381,540x429,640x508,720x572,1000x794&from=bu&u=8f8UV861J19fnGGXj-GcchEc3Md01gELtn3DMmSwe7M&cs=807x641",true,1,4,
6bc3f305-8c92-4f72-ba64-ada70fb0fa17,Мешок для песка SandBag 6кг.,"Мешок SandBag 6 заполняется песком (до 6 кг) и используется как противовес для приборов, установленных на кранах, стойках, перекладинах и других опорных системах. Карманы для наполнителя надежно закрываются на застежки-липучки. Благодаря яркой контрастной петле для подвешивания мешок хорошо заметен на фоне оборудования.",100.00,4,"https://sun9-28.userapi.com/s/v1/ig2/JkVOgGMWLrie8v-LWWlGWJcemsG2eYwmPfamFpQBRo2Kidst7U9_z3ptmwT8dzc8-k25t02XtI7uyzahycOnRHa5.jpg?quality=95&as=32x32,48x48,72x72,108x108,160x160,240x240,360x360,480x480,540x540,640x640,720x720,1000x1000&from=bu&u=esq6hXXrN4gZweqQvHdGoPDODAkBp4oAoV_EgouLHzM&cs=510x510",true,4,4,
6bc66498-9b5f-463a-bed7-b758d5376b40,Объектив 7Artisans Spectrum 14mm T2.9 R-Mount,"Spectrum Новая модель Spectrum 14mm T2.9 разработанная по современным стандартам для Fullframe камеры. Объектив любого из фокусных расстояний имеет одинаковый дизайн зубчатых колец, благодаря чему вы сможете смело менять объективы на камере, не перенастраивая положение follow focus Потрясающая оптика Облегченная оптическая схема с использованием ED линз гарантирует превосходное пропускание света, а благодаря тщательно проработанной конструкции, Spectrum практически избавлен от эффекта дыхания Полный контроль Кольцо фокуса имеет поворот в 270° для наиболее точного поиска резкости.",1000,14,"https://sun9-69.userapi.com/s/v1/ig2/-4arZylCfzcdFxhsXDPj-8eqZ451g5BtSTRZ0eYbhTf8AKzNGShPo0rN5HjtCtRlZEUxunGvkvB9y3y5ge5xcFmI.jpg?quality=95&as=32x32,48x48,72x72,108x108,160x160,240x240,360x360,480x480,540x540,640x640,720x720,970x970&from=bu&cs=970x0",true,1,14,
6c401a49-45ec-4097-a20f-cd6c98fdd2ad,"Аренда картридер UGREEN 2-in-1 (usb-c, usb-a)"," компактное устройство (часто с OTG) для мгновенного переноса данных с SD/MicroSD карт на ПК, ноутбуки и смартфоны. Обеспечивает высокую скорость передачи данных (до 5 Гбит/с), позволяет использовать два слота одновременно, не требует драйверов и отлично подходит для временного использования.",100,23,"https://sun9-77.userapi.com/s/v1/ig2/_OUO9vZLd-lcjYC0MSRP8fMCvQ_AMWuPMzG4_1fyTXbNs9gqN3xefuy9s5SHkrLp2cSK_N7xA9f-uAnCrVf0ELIK.jpg?quality=95&as=32x23,48x34,72x51,108x77,160x114,240x171,360x257,480x343,540x386,640x457,720x514,1080x771,1280x914,1440x1029,1680x1200&from=bu&u=mPybcCZqHdLptUKw_Y25SJxMPhftVJf2kTZF3ijKwaE&cs=1680x0",true,1,23,
6c4fbb77-bb4f-430e-81ce-59b5a97b2506,Аккумулятор GoPro Hero 13,"Акб протестирован на работу в условиях низких температур, обеспечивая до 72 минут записи в режиме 4K/120fps, до 85 минут в режиме 4K/60fps и до 136 минут в режиме 1080p/30fps. Его высокая устойчивость к высоким температурам до +40°C и защита от перегрева делают использование безопасным.
",250.00,1,"https://sun9-67.userapi.com/s/v1/ig2/SuGkfUMH32bfLM5xkCXHnO6EQrm4Ms05xbISBITMh_DCeuOnlpL7WDcrFH0M86_x7neWfsqeazP_fa2ZQ2GJWjqN.jpg?quality=95&as=32x32,48x48,72x72,108x108,160x160,240x240,360x360,480x480,540x540,640x640,720x720,1000x1000&from=bu&u=iDhn8aBprjD71nh6thjEiVfnm6b8cilK3Lhb2-6B2Kc&cs=510x510",true,2,1,
6cb4d966-994b-43b8-9c07-288630705665,Набор Creator Combo для DJI Osmo Pocket 4,"Набор Creator Combo для DJI Osmo Pocket 4 — идеальное дополнение к камере для тех, кто хочет получить максимум возможностей при съемке. В комплект входят беспроводной микрофон DJI Mic с шумоподавлением, широкоугольный объектив, мини-штатив, защитный кейс, а также фирменные аксессуары для удобной и комфортной работы. Отлично подходит для блогов, интервью, путешествий, репортажей и коммерческих съемок.

Арендуй Creator Combo для DJI Osmo Pocket 4 в Playback Rental и получай полностью готовый комплект для профессиональной съемки.
",550,1,"https://sun9-86.userapi.com/s/v1/ig2/CBQQYpWWOB2KVjXVBosCGWgv5gWOgdxYqvZjoDw4vnPJvuUuImiuZmp96vuWCnBbF4Us3BAZixyaPvvOXbICqKtC.jpg?quality=95&as=32x32,48x48,72x72,108x108,160x160,240x240,360x360,480x480,540x540,640x640,720x720,1000x1000&from=bu&u=5iYkZfZmU38hPnlu0xJiZt8yt4M2HzDMyDYYfdUKvmk&cs=540x0",true,1,1,
6cf1eaf2-14d8-4cf9-8b63-5d38c9ad4783,Micro SD Samsung EVO Plus 256 ГБ class 10 U3,,300.00,23,"https://sun9-59.userapi.com/s/v1/ig2/f18Bo5ZBCtrA1S1ZhgZ-q7dvchyesJQVtYbDMDA45y8CXZm6Fd09UI2VTTkCsX6FYlkDtGXb3J7HvCEG5pWGBkxJ.jpg?quality=95&as=32x32,48x48,72x72,108x108,160x160,240x240,360x360,480x480,540x540,640x640,720x720,1080x1080,1280x1280&from=bu&u=nr13IWyXxZGtfAKpap3a852QmSm_mReA9qnJuVL4p9Q&cs=510x510",true,3,23,
6d3de10c-3a84-4cdb-b6b8-eb940d9c0a01,Сферический рассеиватель godox AK-R22,"Сферический рассеиватель Godox AK-R22 создает мягкий и равномерный свет, уменьшая жесткие тени и делая освещение более естественным. Идеально подходит для портретной, репортажной и предметной съемки, а также работы на мероприятиях. Совместим со вспышками Godox V1 и другими моделями с круглой головкой.

Арендуй Godox AK-R22 в Playback Rental и получай профессиональный мягкий свет без сложных схем освещения.",250,28,"https://sun9-54.userapi.com/s/v1/ig2/aBgWflSfNftaluv8T99gnCLv06HqLiGXH5nLBBBmRk933QSJl9gdJwjkfGFH6I5AWMVwaZps8eN6NRShNgkOjCB3.jpg?quality=95&as=32x32,48x48,72x72,108x108,160x160,240x240,360x360,480x480,536x536&from=bu&u=pklM_LGZj1vUsS478WnsxSSoE4cFS2KRuYMLr2IZ-tk",true,1,28,
6d558575-2d97-451e-9e7e-1c6a87a8f163,Суппорты SmallRig 1051 (20см),"Суппорты SmallRig 1051 — это комплект из двух алюминиевых направляющих диаметром 15 мм и длиной 20 см каждая. Они имеют внутреннюю резьбу М12 и служат для создания риг-систем, к которым можно крепить различные аксессуары для видеокамер и фототехники. Изготовлены из прочного алюминиевого сплава, обеспечивающего надежность и легкость конструкции.",100,15,"https://sun9-44.userapi.com/s/v1/ig2/IGxS4-Rj8VhST2Pff8szJJMFgpp91aPOe3bbvPCIPaiOuEKv-YHb4FKiRErJVW7-p_AF6l0-9MsnQh-YTm8pzZ-W.jpg?quality=95&as=32x28,48x42,72x63,108x94,160x140,240x210,360x315,480x420,540x472,640x560,720x630,1000x875&from=bu&cs=1000x0",true,1,15,
6e7cb0ef-087e-4bb1-bd72-c4339dfd238e,Аудиоекордер Zoom H6e 32-bit,"Zoom H6essential — профессиональный портативный рекордер для многоканальной записи звука на съёмках, интервью, мероприятиях, концертах, подкастах и в полевых условиях.

Запись в формате 32-bit Float позволяет работать без постоянной ручной настройки уровня усиления. Рекордер сохраняет широкий динамический диапазон, поэтому слишком тихую запись можно поднять при обработке, а перегруженный по уровню сигнал — восстановить без цифрового клиппинга, если не был перегружен сам микрофон или аналоговый вход.  

Рекордер оснащён четырьмя комбинированными входами XLR/TRS с фантомным питанием для подключения профессиональных микрофонов и линейных источников. Вместе со сменным стереомикрофонным модулем устройство позволяет записывать до шести независимых каналов.  

Zoom H6essential подойдёт для:

— записи интервью с несколькими участниками;
— съёмки мероприятий и концертов;
— подключения радиосистем, петличных и направленных микрофонов;
— записи подкастов и музыкальных выступлений;
— использования в качестве USB-аудиоинтерфейса.

Рекордер поддерживает WAV до 96 кГц / 32-bit Float, карты microSD объёмом до 1 ТБ, подключение по USB-C и одновременную запись нескольких дорожек. Максимальное количество одновременно записываемых дорожек — восемь с учётом служебных и стереоканалов.  

Основные характеристики:

— запись 32-bit Float;
— 4 входа XLR/TRS;
— сменный стереомикрофонный модуль;
— фантомное питание;
— до 6 основных каналов записи;
— цветной дисплей 2 дюйма;
— использование как USB-аудиоинтерфейса;
— питание от четырёх батареек AA, USB-C или адаптера;
— запись на карты microSDHC и microSDXC до 1 ТБ.  

В комплекте проката: рекордер Zoom H6essential, стереомикрофонный модуль и элементы питания.",950,6,"https://sun9-4.vkuserphoto.ru/s/v1/ig2/p-ABBOFL91WhTqktB5ctaNGxDV-72C95P-rMiiS_E3NUyByjFvK3QioLl_o7P2OTAPxl8M9T5xD0oGKYuOzkxZtj.jpg?quality=95&as=32x28,48x42,72x63,108x95,160x140,240x210,360x315,480x420,540x473,640x560,720x630,1080x946,1280x1121,1440x1261,1600x1401&from=bu&u=ZTjMpMzFez6eWLVXru_rFKhP971DYXX7U8QP5UUKR-k&cs=640x0",true,1,6,
6edf6701-836d-435a-8991-41f8168de6b3,Камера Sony HDR-CX190E,"Простая в работе видеокамера Full HD с мощным зумом и непревзойденным качеством изображения
Запись видео Full HD на карту памяти, 25-кратный оптический зум, фотографии 5,3 МП, сенсорный ЖК-экран 6,7 см/2,7"", проектор, iAUTO
",800,8,"https://sun9-50.userapi.com/s/v1/if2/aBNGNsbJj5ALTMdL6nBHgGI4BgyAQO-XcDwm_QDnZLM0etQJTm_Fx7Bp-kOyOpRANhffKWIIL0q5IyNUunBrglVJ.jpg?quality=95&as=32x21,48x32,72x48,108x72,160x107,240x160,360x240,480x320,540x359,640x426,720x479,1080x719,1280x852,1440x959,1445x962&from=bu&u=NGN3m8sSymlPsN1IkRgBp3uIyxGzhg_ikEhM5Sy668A&cs=807x537",true,1,8,
6fad79d0-8d78-4393-9ba9-67be27ac7d13,Складной чайнобол софтбокс Godox 65см,"Быстроскладной сферический софтбокс для импульсных вспышек и светодиодных осветителей с байонетом Bowens, диаметр 65 см, чехол в комплекте.",400.00,16,"https://sun9-15.userapi.com/s/v1/ig2/N36xOwJolJc_rruRWw4RnuNSPdJuOdRA49835M3DwEApeo9ldlxbJ7GKuwRhQ32GpcJD6HqOgSYqyPbyIW4Kxr_6.jpg?quality=95&as=32x34,48x51,72x77,108x115,160x170,240x256,360x384,480x511,540x575,640x682,720x767,750x799&from=bu&u=TmY67zX8ibkNdTUZHEKXW2tVaorEXTKDCYEss8smD4s&cs=510x543",true,1,16,
70960326-ec8e-4131-b28d-f1c0362e6afb,Объектив Canon RF 24-105mm f/4-7/1 IS STM,"Цена указана за аренду в сутки!

Canon RF 24-105mm f/4-7.1 IS STM — это универсальный зум-объектив, который станет отличным спутником для большинства фотографов, особенно для тех, кто только начинает свой путь в мире фотографии. Его диапазон фокусных расстояний позволяет с легкостью справляться с различными жанрами съемки, от пейзажной до портретной.",700,14,"https://sun9-55.userapi.com/s/v1/ig2/vEO766SDg1xxZ67f7q9TyZyop4-pkBSdNwtRdCo0gAL4JvlKeSLXT69cthIBLxcSNcQjfperTPcczg3Pc5LCRcGg.jpg?quality=95&as=32x32,48x48,72x72,108x108,160x160,240x240,360x360,480x480,540x540,640x640,720x720,970x970&from=bu&u=rXnz7rSrZ1ZB2wzCZ57ewIEI_mTrqXWPU1BsR_PpiWM&cs=540x0",true,1,14,
716d8bfd-9bc2-4b78-818a-ed8b9237df4b,"Стойка GreenBean Titan 280 BABY STEEL104–280 см, нагрузка до 9кг.","Стальная телескопическая стойка-тренога, 3 секции, высота 104–280 см, нагрузка до 11 кг, пружинный амортизатор, стальной крепежный адаптер 5/8” baby, металлические винтовые зажимы.",350.00,21,"https://sun9-35.userapi.com/s/v1/ig2/T8xSaysh7zNXedeJG5DSfUNvmiItG2VJjVHcekQa_gmVDW34FxwGMTi5smerD8mhH1CtVN3NQVz-UZg2PGkL4U-W.jpg?quality=95&as=32x32,48x48,72x72,108x108,160x160,240x240,360x360,480x480,500x500&from=bu&u=HfdvE5wXPAvQlP_ZWhjxcI2H7qfXAQOtwtg-HHEkRLQ&cs=500x500",true,2,21,
71e86ed5-cf1e-4724-84f5-4f58ab41bd25,Одноразовый фотоаппарат Kodak Funsaver 27 кадров,"Kodak FunSaver — это самый простой и фановый способ сохранить моменты на пленку. Идеален для вечеринок, свадеб, отпусков и прогулок с друзьями. Никаких настроек: просто нажал кнопку — получил кадр с тем самым «ламповым» ретро-эффектом.",2900,29,"https://sun9-15.userapi.com/s/v1/ig2/aGSo6K2zUet-H-T6Yoa7E6XQtICZJjedasIBsAQvdXwSJ6StB1EHFQ7q2qCliQkvSHq1BOzBuQTWhGUBuGa_4XdW.jpg?quality=95&as=32x32,48x48,72x72,108x108,160x160,240x240,360x360,480x480,540x540,600x600&from=bu&u=8gf_7duBWljGk3E2YA1ajWWEuFLtIdHzf9fLqvhUnBY&cs=600x0",true,8,29,
731c6158-58d0-4d1d-abfa-ced08e243202,Аккумулятор V-mount ZGCINE V160 (142Wh),"Аккумулятор ZGCINE V160 (142Wh) — это профессиональная батарея стандарта V-mount емкостью 142 Втч (9600 мАч при 14.8 В) с различными портами для питания съемочного оборудования и зарядки устройств. Он оснащен портом USB-C PD для двусторонней (вход/выход) быстрой зарядки мощностью до 65 Вт, а также портами D-Tap (14.8V out) и USB-A для подключения других устройств.",590,2,"https://sun9-79.userapi.com/s/v1/ig2/3LasOWW5qWMMIl4WbOw2bP0mXz2vAVlYQWJKKhRk85w-rtux3IF9-xlUylRdbV6K4TdHyw2MbuXYDNJGazkmV11F.jpg?quality=95&as=32x36,48x55,72x82,108x123,160x182,240x274,360x410,480x547,540x616,640x730,720x821,877x1000&from=bu&cs=877x0",true,1,2,
732175cf-1639-4432-ab4a-9d280daef9d8,Штатив Vanguard VEO 3+ 263AP (max 6kg.) 12-173см.,"Vanguard VEO 3+ 263AP — это универсальный премиум-штатив из алюминия, предназначенный для фото- и видеосъемки. Оснащен 3D-головкой PH-38, инновационной центральной колонной (Multi-Angle Central Column), наклоняемой на 180°, и надежными замками ножек. Максимальная рабочая высота составляет около 173 см.
",700,15,"https://sun9-27.userapi.com/s/v1/ig2/q-P4nP1CW5oyw1fLv3RVe87D6PG9EwQppMgktCD8GgcGlMv4O_H21TWkt2UvqFxiepZQ42Ci33hmY_tQGZBSA5Lb.jpg?quality=95&as=32x28,48x42,72x63,108x94,160x140,240x210,360x315,480x420,540x472,640x560,720x630,1000x875&from=bu&u=1TVRvRgZIFquBGFZ7ZEKSA5pXfNR1xDBig3PzdXK7BQ&cs=1000x0",true,1,15,
7575595c-355e-49d1-8a44-30584f24bf45,Треугольная призма,"Используется для разделения луча света на его спектральные компоненты (цвета). Позволяет добиться весьма необычных эффектов как в фотографии, так и при съемке видео. Вращая кристалл и изменяя её положение перед объективом можно менять рисунок, получаемый благодаря преломлению лучей солнца",300.00,22,"https://sun9-64.userapi.com/s/v1/ig2/0y9uLosJSKL4q3j2ZD17Oxbd8w39H-Xd-6qA-JVUf2jc62Jvnw2uK3XePWqwhSBx62XdIcc7K8z1144sqFtYigAO.jpg?quality=95&as=32x32,48x48,72x72,108x108,160x160,240x240,360x360,480x480,540x540,640x640,720x720,1080x1080,1280x1280&from=bu&u=UT86Im5LOsZmFQcVLGqBEu2R-feARQ6j28fZxyK6kXI&cs=510x510",true,1,22,
761d7f59-b734-431c-a17c-1660b0668aeb,Micro SD Samsung EVO Plus 64GB class 10 U3,,200.00,23,"https://sun9-29.userapi.com/s/v1/if2/i9PHaR3McCzErj6aEmPDmhNiISqXF5e-TC9zzaXehP6wH53tK_NNM8IRas0iimPMwb_8st6OcocVv4mkrTlZiCqj.jpg?quality=95&as=32x23,48x35,72x53,108x79,160x117,240x175,360x263,480x351,540x394,640x467,720x526,723x528&from=bu&u=xJLW8FKggLBXb8oLV2dGshQ7skZGFHGUzEyd9Lk4B80&cs=723x528",true,5,23,
76b84907-6fc4-4e14-b26a-b6efae126250,Зарядное устройство bp-2chдля V-mount,"Зарядное устройство BP-2CH предназначено для одновременной зарядки двух аккумуляторов формата V-Mount, популярных в видеопроизводстве. Оно оснащено интеллектуальной системой распределения нагрузки для эффективной и безопасной работы, а также дополнительным выходом XLR-4pin для питания другого оборудования. Устройство от производителей вроде KingMa или аналогичных брендов идеально подходит для профессионалов в видео- и фотосъёмке.",350,2,"https://sun9-65.userapi.com/s/v1/ig2/cat0iZJLXESJYC222LC8RwsmcCgqctFPVGaDwQPx3Uu85dpX9q_MXfSkFKk5Gbn3L9L-VLme62Wm1pueRe5_VuNq.jpg?quality=95&as=32x36,48x54,72x81,108x122,160x180,240x270,360x405,480x540,540x608,640x720,720x810,1080x1215,1280x1440,1436x1616&from=bu&cs=1436x0",true,1,2,
778e770d-4283-4bb4-bbff-c529bd4b4f85,ND фильтр HOYA 67mm (1.5 - 9 ступеней экспозиции),"Нейтральный фильтр с переменной плотностью от 1.5 до 9 ступеней экспозиции. Позволяет динамично управлять интенсивностью светового потока в заданном интервале, тем самым не прибегая к уменьшению выдержки, либо когда выдержка не может быть уменьшена из-за ограничений камеры. Байонет диаметром 67 мм.",300.00,22,"https://sun9-57.userapi.com/s/v1/ig2/2W4p67yugEwCqkvmH83nw1lwAeqzFoJCN6-5370G5flwCdCjcrJAvK7g_oeEDIV2kUNP5FaXF61hmDYZfYQarfo1.jpg?quality=95&as=32x32,48x48,72x72,108x108,160x160,240x240,360x360,480x480,540x540,640x640,720x720,1080x1080,1280x1280&from=bu&u=YR-X99jMMenzfcnBomYuMlwvtq3kqj3w4CPewXyu8VE&cs=510x510",true,1,22,
786088a0-ed64-466d-a23f-bd5df0dbbad7,Видеоседр Hollyland Mars 400,"Видеосендер Hollyland Mars 400 HDMI - компактный видеосендер, умеющий передавать сигнал на 100-140 метров с минимальной задержкой. Основная ""фишка"" этого прибора - передача сигнала не только на штатный приемник, но и на дополнительные устройства через wi-fi, такие как смартфоны и планшеты.",700.00,15,"https://sun9-74.userapi.com/s/v1/ig2/_Hj_sC0nnfAJPFPasMEtOoL_5mwHdaqFK7BXkJ-ibFskh0yVcQ3IAYmKdqFXjcCcRyLdhpYPbuBgUEbAf_QWCUN8.jpg?quality=95&as=32x32,48x48,72x72,108x108,160x160,240x240,360x360,480x480,500x500&from=bu&u=i7ARVBnWWkaD0ttnF0xvkopVAUOzfVHp2dn6re3PNs4&cs=500x500",true,1,15,
7913f591-ab07-40fa-98d7-bf52f12419f4,Рекордер Zoom H1n,"Портативный рекордер ZOOM H1n - это высококачественное устройство, которое обеспечивает профессиональное качество звука. Рекордер оснащен двумя стереомикрофонами в конфигурации X/Y, что позволяет записывать звук с максимальным уровнем звукового давления до 120 дБ SPL.",250.00,6,"https://sun9-60.userapi.com/s/v1/ig2/-0UfAQjR18wP5gqMmiGXNu1VHBq5XLcQR2coZUggQ0AVZHU0DMKovQmE7ZCCv4Lx8fO_xXM04-SmO809mXdME9Ax.jpg?quality=95&as=32x32,48x48,72x72,108x108,160x160,240x240,360x360,480x480,500x500&from=bu&u=XGbAHJ_XWEhXPx7PPEFg3k_EWEoD2w3Z6owaLI0dfqw&cs=500x500",true,1,6,
796bd159-0449-4d20-ae21-b77c43fdb259,Проводные наушники Sony black,,150.00,6,"https://sun9-42.userapi.com/s/v1/ig2/oc5zpy1GZk1DZ7XRyqM_txjD-IOPGzlDycMSeZeiTZKq7a-lSvZbnsPs-ZrLIh4hxVvVwyWcB78cWOO1bIpDT993.jpg?quality=95&as=32x41,48x61,72x92,108x138,160x204,240x307,360x460,480x613,540x690,640x817,720x920,783x1000&from=bu&u=TTEzNL7-UOV1XAkugfciyn_VRJ5uLYC3hKrWURelccw&cs=510x651",true,1,6,
7a17f565-c894-4851-a0a2-4c7de8cd6a4a,Аккумулятор-пустышка NP-FZ100 Type-c,"USB адаптер питания постоянного тока для камер Sony Alpha
",200.00,2,"https://sun9-14.userapi.com/s/v1/ig2/ck18gfkuQy3nGhImsD2VsvurwsU-RsTaLELCnFK56EoJ-9jJ4gZl7zkvgVkeR9SpPy7DqEN3M3EtH2ansqNSepEw.jpg?quality=95&as=32x32,48x48,72x72,108x108,160x160,240x240,360x360,480x480,540x540,640x640,720x720,1080x1080,1200x1200&from=bu&u=uPc8VXdd3wKVfhxMRxGtoaPRj4wH_2OICybzpZzxS1E&cs=510x510",true,3,2,
7b035f3f-1092-48fa-9f5f-14d7983e9294,Отражатель Raylab Gold and Silver 120x90 см.,"Отражатель Raylab RF-01. Тип: 2 в 1. Светоотражатель Raylab - это один из самых важных инструментов для создания профессионального освещения в фотографии. Он используется для направления, отражения и управления светом, для создания мягкого света, заполнения теней и создания глубины. И будет особенно полезен в таких направлениях съемки как предметная съемка, портретная съемка, фэшн и фуд съемка, студийная съемка с одним источником света, фото на пляже и для многих других. Вы можете отразить свет на объекте, чтобы создать мягкие тени, которые позволяют создать трехмерный эффект, или использовать отражатель для направления света на объект, чтобы создать яркое освещение. Серебристый цвет дает яркий и жесткий отраженный свет и особенно актуален в облачную погоду. А золотой - придает отраженному свету теплый оттенок, имитируя солнечный свет. Отражатели Raylab сделаны из материалов высокого качества, поэтому устойчивы к износу. Все модели легко разложить и собрать, хранить и перевозить. В комплект ко всем моделям поставляется чехол. Отражатель – простой и доступный инструмент, без которого не обходится ни один фото и видео оператор. Это возможность легко и просто создать идеальное освещение, управляя световыми потоками как от естественных источников света (солнце, луч света, фонарь, лампы, др), так и от профессиональных осветителей в студии. Благодаря своему компактному размеру и широким возможностям вы можете использовать отражатель как в студии, дома и на выездных съёмках, так и взять с собой в путешествие.",250,4,"https://sun9-70.userapi.com/s/v1/ig2/6J0IY4Zf5vvzuLt3_fYTfwS7GjkO8AB2CyD5EdQBj-P77q-hTEgx4VAdqiUdg02R7G-FRTdiduU2qmy6SNNJzMOx.jpg?quality=95&as=32x35,48x52,72x78,108x117,160x173,240x259,360x388,480x518,540x583,544x587&from=bu&u=S1_uuChVyLwq7GO-R-qTGte70p8OhPatNzQAxhMfjSc&cs=544x0",true,1,4,
7d9367f0-7d90-43e4-8c7b-bacdd5eb8870,Картридер Lexar RW:515 CF Express Type A,"Картридер Lexar CFexpress Type A USB-C Reader предназначен для чтения карт памяти CFexpress Type A. Он позволяет быстро загружать видео 8K и файлы большого размера со скоростью передачи до 900 МБ / с. Устройство имеет прочный металлический корпус, отводящий тепло, и поддерживает карты емкостью до 1 ТБ.",200.00,23,https://fotera.by/pics/items/lexar_professional_cfexpress_type_a.jpg,true,1,23,
7f5ddef1-c401-489a-ba7d-d1d2a55845fd,Камера Instax wide,"Instax WIDE 400 оснащена диском автоспуска, который позволяет фотографам выставлять задержку съемки с шагом от двух до десяти секунд. Она также имеет функцию автоматической экспозиции, камера автоматически определяет уровень окружающего освещения при нажатии кнопки спуска затвора и соответствующим образом оптимизирует выдержку и мощность вспышки. По словам производителя это позволит получать фотографии с правильной экспозицией независимо от внутренних или внешних условий. Камера также имеет автоматическое управление вспышкой, что должно добавить качества изображению при съемке в условиях яркого или слабого освещения. Fujifilm Instax WIDE 400 имеет два режима фокусировки, которые можно переключать с помощью диска объектива. Предусмотрены направляющие для кадрирования в портретной или альбомной ориентациях. Также есть три режима съемка. «Обычный режим» предназначен для фотосъёмки на расстояниях от 0,9 до 3 метров, «Пейзажный режим» предназначен съёмки объектов на расстоянии более 3 метров. Третий режим скорее вариант съемки, требующий использования дополнительного объектива для макросъемки, с его помощью камера может снимать объекты крупным планом на расстоянии от 35 до 48 см. Объектив для макросъемки также снабжен встроенным зеркалом для селфи.",1300.00,24,"https://sun9-11.userapi.com/s/v1/ig2/p69L1wBiNdhQrX-YMtoGlNGwCRyJHYsN7oiOhVouainm0gwFpvjY26Y0DY0XbiJKjp2azZW7tOIpO4FrSHMem-sD.jpg?quality=95&as=32x43,48x64,72x96,108x144,160x213,240x320,360x480,480x640,540x720&from=bu&u=4twqs1ERdg7wEeMfVKwn3Nf0gui-uGAEJ0RpiEN4ilU&cs=510x680",true,1,24,
7f754115-b35d-488c-8428-4da5de2d696c,Накамерный монитор Liliput 5'' + крепление,"ЖК-экран диагональю 5 дюймов выдает картинку достойного качества. Его разрешение 1920×1080 р. Оптимальный запас яркости позволяет увидеть информацию при любом освещении. Плотность пикселей 441 ppi делает изображение однородным, отдельные кубики на нем видны не будут.",600.00,11,"https://sun9-79.userapi.com/s/v1/ig2/6L0j284vwH6NVEQMLdCTr_ddu7e42-vBgeMrcjmUDiop6Jd5-Zi9XgU9wi1fg3NgEdgBoi1CFDtPADlSV8LhKiCa.jpg?quality=95&as=32x32,48x48,72x72,108x108,160x160,240x240,360x360,480x480,540x540,640x640,720x720,800x800&from=bu&u=RT54hLD8RC8mDoKRZ0Hkm-jlRmqK4B2jnq6EYexwJGg&cs=510x510",true,1,11,
810cb9f0-e1b1-4812-8a70-30a2d9f0ed1b,Lexar CFexpress type A 160gb Gold,Высокоскоростная карта памяти CFexpress Type A 160Gb Lexar серии Gold с максимальной скоростью записи 700 Mb/s отличается компактными размерами и возможностью съёмки 8K в процессе профессионального видеопроизводства. Такой вид карт поддерживается камерой Sony Alpha 7S III. Карта также позволяет вести серийную фотосъемку динамичных сцен. Максимальная скорость чтения до 900 Mb/s.,700.00,23,"https://sun9-65.userapi.com/s/v1/ig2/mSXDyat3R3GGzoXO140OcnvNK-ndd28HXCxguyV1GSx7AJe9rqN8yhHVLq-13Xzw3Mr8zwAP_xObiBlZy0RClIlN.jpg?quality=95&as=32x32,48x48,72x72,108x108,160x160,240x240,360x360,480x480,540x540,640x640,720x720,800x800&from=bu&u=uxzMo1kCW_x9HGUOcJixyXjFP19d4OjzLBo28EMfHBw&cs=510x510",true,1,23,
81b7ff80-2631-43ad-a5a2-8027eaf16088,Трипод GoPro,,200.00,1,"https://sun9-57.userapi.com/s/v1/if2/JIGZGBwBQl9LGsGK8x4rB1_OXRrSQj2SSrAWsj8nIhyuIU4gEW_SUeUDfJRlKPEWZqLcnhU3iFJgcaq6NU8bNIoG.jpg?quality=95&as=32x24,48x36,72x54,108x81,160x120,240x180,360x270,480x360,540x405,640x480,720x540,800x600&from=bu&u=eME-TLFxqWZg7nE3qikERpKYCGBQumg-y3G0M2SsMqg&cs=800x600",true,1,1,
8399877e-5efd-4d68-8475-bcae5c51aca8,Объектив TTartisan 50mm f1.4 Sony E,"TTArtisan 50mm/F1.4 - это универсальный ""полтинник"" для полнокадровых камер. Тип фокусировки объектива ручной. Отлично подойдет для портрета, пейзажа и предметной съёмки. Минимальное расстояние фокусировки составляет 50 см. Имеет небольшой вес. Металлический корпус обеспечит надлежащую сохранность объектива.
Диапазон значения диафрагмы F1.4/F16 позволит производить съемку в различных условиях и при любом освещении. Оптическая схема состоит из 10 элементов в 8 группах. Угол обзора объектива составляет 45 градусов. 8 элементов с высоким коэффициентом преломления помогают достичь точной визуализации, уменьшают возможные искажения при фотосъемке. Многослойное покрытие обеспечит превосходное качество изображений, защитит от воздействия вспышки и солнечных лучей.",500.00,13,"https://sun9-17.userapi.com/s/v1/ig2/9yidlFkjTi-fX0TmUaa__Y2Nh_ExSRl_NMWmtYorJBNUoLqJh4o2jAxNF--Nh7cMqENLo7oiJKQudM-T86hRZKk7.jpg?quality=95&as=32x32,48x48,72x72,108x108,160x160,240x240,360x360,480x480,540x540,640x640,720x720,1080x1080,1280x1280,1300x1300&from=bu&u=1yKmJGb_DBMRxfMrEjF_NcABl93vIUx54q97adbe2SE&cs=510x510",true,1,13,
8493e84c-f5bb-40ad-bc6d-72813a572166,Октобокс Godox ML-SF50+соты для ML100Bi,"Быстроскладной октобокс для осветителя Godox ML100Bi, байонет Godox, в комплекте соты и чехол. Диаметр 50 см, глубина 24,5 см, вес 295 г.",300.00,16,"https://sun9-62.userapi.com/s/v1/ig2/9LxrNpd61kcWDGx_zCPi23Civwlt16852pcv0Pqi8XEzonbr-EBVNEJhoevLFgu0QHROojreJgbdOe-OXblqek6o.jpg?quality=95&as=32x32,48x48,72x72,108x108,160x160,240x240,360x360,480x480,540x540,640x640,720x720,1080x1080,1280x1280,1440x1440,2048x2048&from=bu&u=-IWp5X4Vue3NWUgr_MVbdrSc_2BY7l9y3zICmtvyVhs&cs=510x510",true,3,16,
84e440af-58c2-400d-9a8d-027080d78110,7Artisans MRC Black mist 1/8 67mm,"Фильтр Black mist позволяет убрать синеватую дымку, вызываемую ультрафиолетовым спектром солнечного света, которая наиболее заметна при съемке в горах и на море. Кроме того, ультрафиолетовые фильтры обычно используются в качестве защитных: они защищают переднюю линзу объектива от попадания грязи, несильных ударов, царапин и потертостей",350.00,22,"https://sun9-31.userapi.com/s/v1/ig2/JaGgXuEJpiKKXliZsUBM_YM7brlh1qk4kaOv53CUClzUbQz1mKzpzbERQDuOjYdDpVUuTBn-ffmfsFpEpTXdUOQk.jpg?quality=95&as=32x32,48x48,72x72,108x108,160x160,240x240,360x360,480x480,540x540,640x640,720x720,1080x1080,1280x1280&from=bu&u=8IMH7_qWkjOLAoFpwIL3wKIgH9rzEVdS8ZUjq8AqFxw&cs=510x510",true,1,22,
84ea8ddb-ebb0-43a4-8ba9-7b41c897606d,Насадочная линза с искажением Ф67мм,"Вы можете создавать свой стиль, как хотите. Это своего рода качественная вихревая призма, которая изготовлена из качественного оптического стекла и оборудования, износостойкая и может обеспечить долгий срок службы. Байонет диаметром 67 мм, подходит только для объективов диаметром 67 мм. Или вы можете подключиться к переходным кольцам для преобразования в объектив другого диаметра. С помощью этой стеклянной призмы вы можете получить интересные визуальные эффекты во время съемки.",350.00,22,"https://sun9-13.userapi.com/s/v1/ig2/JT3Ml697CUXPKYPtM8r-kzleTgeIBY39XDtjkjXFGVLPuU6LprQg2KsxFdMVNQ02JkOPLwbGuKFLuoyaQTgogSKb.jpg?quality=95&as=32x32,48x48,72x72,108x108,160x160,240x240,360x360,480x480,540x540,640x640,720x720,1080x1080,1280x1280&from=bu&u=G_Ahf0btHMX7crs5vL0iK7WA0HUB5OHcDRPDGr11GAQ&cs=510x510",true,1,22,
85349ab0-1f70-4e92-a6df-f703728535a1,Объектив Sony PZ 16-50mm f/3.5-5.6 OSS II (кроп),"Sony E PZ 16–50mm f/3.5–5.6 OSS II — компактный универсальный зум-объектив для камер Sony с байонетом E и матрицей APS-C, доступный в аренду в Playback Rental (г. Кемерово). Благодаря эквивалентному фокусному расстоянию 24–75 мм объектив отлично подходит для большинства задач: видеосъёмки, блогинга, путешествий, репортажей, интервью и повседневной фотографии.

Объектив оснащён электроприводом зума (Power Zoom), который обеспечивает плавное изменение фокусного расстояния без рывков — особенно полезно при видеосъёмке. Встроенная система оптической стабилизации Optical SteadyShot (OSS) помогает получать более плавную картинку при съёмке с рук и снижает вероятность смаза на фотографиях.

Минимальный вес и компактные размеры делают Sony E PZ 16–50mm f/3.5–5.6 OSS II отличным выбором для мобильной съёмки, а быстрая и тихая автофокусировка обеспечивает уверенную работу как при записи видео, так и при фотосъёмке.

Объектив идеально сочетается с камерами Sony ZV-E10 II, ZV-E10, a6400, a6700 и другими моделями с байонетом Sony E (APS-C), позволяя сразу приступить к съёмке без необходимости подбирать дополнительную оптику.

Playback Rental предлагает аренду объективов Sony, камер, стабилизаторов, света, микрофонов и другого профессионального оборудования для фото- и видеосъёмки.

Арендуй Sony E PZ 16–50mm f/3.5–5.6 OSS II в Кемерово и получай универсальный объектив, который одинаково хорошо справляется как с фото, так и с видеосъёмкой.",400,13,"https://sun9-59.userapi.com/s/v1/ig2/koZo8TAd2Fde0jeNFQ6n9dJN4iDElc16pZSzwcaYNQXv2v-vS84ObEdB-F4lR7UhzR_DftvXBH4leLy_7Ht6vRm7.jpg?quality=95&as=32x32,48x48,72x72,108x108,160x160,240x240,360x360,480x480,500x500&from=bu&u=TTsz5x8agX0n3n3oYmKeRQ099LWmGA-iaIFrMc2KULc&cs=500x0",true,1,13,
85cb72e8-1239-45ea-bff0-32607fefa562,Объектив Tamron 28-75mm f/2.8 Di III RXD (A036) Sony E,"Объектив Tamron 28-75mm f/2.8 Di III RXD — это рамочная зенитная матрица, которая прекрасно подходит как для начинающих, так и для опытных фотографов. Его диапазон фокусных расстояний идеально подходит для съемки большинства жанров, включая портреты, пейзажи и уличную фотографию. Наличие постоянной диафрагмы f/2.8 на всем диапазоне фокусных расстояний — это одно из его самых значительных преимуществ, позволяющее сохранять большую глубину резкости.",950.00,13,"https://sun9-53.userapi.com/s/v1/ig2/p3XVcjjEk2psADvbbabxevuxLI-xw8oGxzu6cnp21frS5qe3b1TfqjoRvmLAqllnx-hfGlnUJV73jNW0YUKLGbEm.jpg?quality=95&as=32x32,48x48,72x72,108x108,160x160,240x240,360x360,480x480,540x540,640x640,720x720,750x750&from=bu&u=Tt6m9-hgyWOUX2L_TAa58CjmEbeSzUavZCDVlZO-KxU&cs=510x510",true,1,13,
876d1ab3-9c2c-4595-b245-a4389d525990,Аудиокабель оптический Toslink 10m,"Оптический разъем для TosLink кабелей часто встречается в телевизорах и домашних кинотеатрах, а также в колонках среднего и высшего ценового диапазона, включая многоканальные акустические системы. Оптический аудио-кабель TOSLINK CC-OPT-10M подходит для работы с CD, DVD и MD. С оптическим аудио кабелем совместимы устройства, которые поддерживают интерфейсы стандарта S/PDIF, AES/EBU или Dolby Digital.",200.00,9,"https://sun9-5.userapi.com/s/v1/ig2/qVHd2cnfE-uKVIqq9HcNXkFsGcliIKZ0Q6gkBE2oNpc2GAtOuSkcDXbvPWSKfPc7_9TnOmor7vi1lphmg2j_fHIb.jpg?quality=95&as=32x32,48x48,72x72,108x108,160x160,240x240,360x360,480x480,500x500&from=bu&u=f0QzF6F96shyYJR0I6D7CmflUtTvXHxEcPsh33K7J0Q&cs=500x500",true,1,9,
8959cb99-f40c-4cea-b0a7-45b96924ba4a,Белый поворотный столик моторизированный для предметной съемки 30см.,,200.00,3,"https://sun9-50.userapi.com/s/v1/ig2/rwJyucSAPmXLQ5MEnM-7kkB4WJPuRvbhXLhHdYOqnSsr3K9ufP7Ognf_PCYom8cnpL0YDX2Lm0_GXVj6L_Gedymp.jpg?quality=95&as=32x32,48x48,72x72,108x108,160x160,240x240,360x360,480x480,540x540,640x640,720x720,1080x1080,1280x1280,1440x1440,2560x2560&from=bu&u=NuantKGylw967lfkoMBBInkKp8lCjtWUjRKSCUuqLJE&cs=510x510",true,1,3,
896499fa-1edf-482b-bf03-c7ce41c14e33,Призма-кристалл,"Призма используется для преломления объектов съёмки. Её можно поставить перед объективом и получить необычный эффект. Или пропустив свет фотофонаря через неё. Кристаллический материал демонстрирует исключительную светопроницаемость, излучая семь цветов под солнечным светом, создавая потрясающий визуальный эффект",300.00,22,"https://sun9-64.userapi.com/s/v1/ig2/MX0yUQlyA-YuKJpuEtit3guntPWmTUonwjszObGPzH8fwGh3z1aXUTOj8_7N-ceSOHv_MeTg_RxOiaC1c1J1WLua.jpg?quality=95&as=32x32,48x48,72x72,108x108,160x160,240x240,360x360,480x480,540x540,640x640,720x720,1080x1080,1280x1280,1440x1440,1500x1500&from=bu&u=osI2xPoMJ1IUyqgFyhnfNUt_5lV2mdTc5NeYYrI5ELc&cs=510x510",true,1,22,
8bb91687-8571-4ffc-b25d-d7eceeff3c56,SmallRig 3757B Зажим + magic arm,"Основные особенности:
1. Изготовлен из прочного авиационного алюминиевого сплава и нержавеющей стали.

2. Полезная нагрузка до 3,5 кг.

3. Совместимость с большинством аксессуаров для фото и видеосъемки: резьбовые крепления ¼"", ⅜"" и ARRI ⅜"".

4. Надежная фиксация оборудования исключает проворачивание.

5. Раскрытие струбцины от 14 мм до 65 мм, противоскользящие накладки для надежной фиксации.

Универсальный держатель-струбцина с кронштейном SmallRig 3757B изготовлен из прочного авиационного алюминиевого сплава и нержавеющей стали. Для повышения прочности и долговечности все основные элементы конструкции обработаны с использование станков с ЧПУ.
Большой диапазон раскрытия струбцины (от 14 мм до 65 мм) и противоскользящие накладки позволяют надежно закрепить держатель на самых разных поверхностях: трубах, столах, рулях, стойках, штативах и т.п.
Используя кронштейн с двумя шаровыми шарнирами на держателе, можно установить самое разное оборудование, например фото и кинокамеры, мониторы, видео передатчики или светодиодные осветители.

Обратите внимание, ЭТО ВАЖНО:
Не пытайтесь снять или заменить шарнирный кронштейн. Это может привести к выходу устройства из строя",180,4,"https://sun9-38.userapi.com/s/v1/ig2/aCe4Y8JyL-HkOlBYN6DAnR0C475j5QWxgYAn0lMkia7CxabH8r8ekOWvBEIaeP6Zo5FBc5i2ObEhN9fUrAUNmpR5.jpg?quality=95&as=32x32,48x48,72x72,108x108,160x160,240x240,360x360,480x480,540x540,640x640,720x720,1080x1080,1200x1200&from=bu&cs=1200x0",true,2,4,
8c62f16b-515a-484c-998b-9bb88783b05b,Насадка оптическая Godox FLS10 с линзой Френеля,"Описание товара Оптическая насадка Godox FLS10 с линзой Френеля формирует яркий равномерный луч чистого света, угол расхождения луча регулируется от 10° до 35°. Насадка предназначена для использования совместно с светодиодными студийными осветителями с байонетом Bowens. Размер насадки 295х295х135 мм.",500.00,16,"https://sun9-7.userapi.com/s/v1/ig2/vr94q5dYBCOMyXN4Jc6Tiy1IPp9JkdXfxXZEVIkjGBWOPKaInw5IlkrPylgTkY4C1ZnGJ6-QCObh0zXZvBRXIDsI.jpg?quality=95&as=32x38,48x57,72x86,108x129,160x190,240x286,360x429,480x572,540x643,640x762,720x857,750x893&from=bu&u=g0GlBt0oYLyqg0Xf3EDIIxXLSHq8gfX1N3LcSzUINrU&cs=510x607",true,2,16,
8dd99055-ee54-4052-966e-736c46bb3fe9,Micro SD 64 gb class 10 U1,,100,23,"https://sun9-10.userapi.com/s/v1/ig2/SV_3wHPA2mDHXUalxiy_dhSWsDgH1L8-BZSHLjpioDh-o1o_e3s_zmvTLL0fT9nEBefDo9gBnWSb2dH0---KLZfZ.jpg?quality=95&as=32x32,48x48,72x72,108x108,160x160,240x240,360x360,480x480,540x540,640x640,720x720,1080x1080,1280x1280&from=bu&cs=1280x0",true,1,23,
8e444da7-5b0c-44bd-b5dd-a226558aa3da,Вспышка Godox AD200Pro II,"Цена указана за аренду в сутки!
Звоните (оперативнее отвечаем).

Мощность 200 Дж, регулировка мощности от 1/512 до 1/1, две головки: H200 II линзовая / H200J II с открытой лампой, bi-color моделирующий свет с цветовой температурой от 2800 до 6000 К у обеих головок, беспроводное управление Godox X (16 групп, 32 канала), совместимость с TTL-режимами камер Canon, Nikon, Sony, Fuji, Olympus, Panasonic, Pentax и Leica, режимы TTL/M/Multi/HSS, функции S1, S2, Mask, быстрая перезарядка (0,01–1,8 сек.), стабильная цветовая температура (±100 K), работа от литиевого аккумулятора (до 500 вспышек) / внешнего блока питания PB960 (опция), зарядное устройство в комплекте.",600,28,"https://sun9-76.userapi.com/s/v1/ig2/FIDr8nSK3bshVuuT4UQvVVhWu61Om5nDZvDfWp8jUaWcnSPShO6cxVYJoqechT1mXHgb630NiVGK2eRdy8mbTGwE.jpg?quality=95&as=32x32,48x48,72x72,108x108,160x160,240x240,360x360,480x480,540x540,640x640,700x700&from=bu&u=W333hTeWh9kQClylwJUbcw6wsrcOPsOoW-4iUER3frw&cs=540x0",true,1,28,
8ee981e4-58a4-42df-b439-e56005bab4c7,Октобоксы TRIPOD быстроскладной 90см.,"Быстрораскладной октобокс Triopo 90 см для вспышек с креплением Bowens. Преимущества: Быстрая сборка/упаковка, легкий вес 850 г, 2 слоя светорассеивателя, крепление Bowens, тканевые соты, сумка для переноски в комплекте.",400.00,16,"https://sun9-50.userapi.com/s/v1/ig2/gJl0NTvMRcKVW0L1javbtRvpWKO8LzACTpSfG2Z81oqYjXSY1Utxh-JwodcRiyGTZR5-dN9nOLLwroiKnJASs-nv.jpg?quality=95&as=32x32,48x48,72x72,108x108,160x160,240x240,360x360,480x480,540x540,640x640,720x720,1000x1000&from=bu&u=WyUq27bnD9I5xcci6kkzUPPNNyUwX8tqZjOV9VkQUNs&cs=510x510",true,2,16,
8efba43f-a433-4753-a823-4e4e78b68a8b,Беспроводная радиосистема Rode Wireless GO II (2TX+ RX),"Wireless GO II TX — компактный беспроводной передатчик, который идеально подходит для интервью, кинопроизводства и создания широкого спектра видео. Просто прикрепите его к своей одежде и записывайте с помощью встроенного микрофона или прикрепите к ремню или закрепите на стойке и подключите петличку к аналоговому входу 3,5 мм. Вы можете записать более 40 часов на встроенную память на самом передатчике или передать звук через новейшую беспроводную передачу RØDE Series IV 2,4 ГГц с дальностью действия до 200 м (прямая видимость).",600.00,6,"https://sun9-3.userapi.com/s/v1/ig2/5Ey542U-00cF5FrSBuJiKQMppdrhnXjMYdYV14NgYQ0kRDmtIkf8OQbTBsbBcVCEZR0MzuKtw-0012m4UEXtSGBM.jpg?quality=95&as=32x32,48x48,72x72,108x108,160x160,240x240,360x360,480x480,540x540,640x640,720x720,1000x1000&from=bu&u=jWMiFuvJ37nfK-rBHCbWigEUFaKBjA2r5PMb-j-mgW8&cs=510x510",true,1,6,
908f1ef4-133a-40e9-8ff2-fd1a54c3b851,"Накамерный монитор FEELWORLD P6XL 6""","Накамерный монитор FEELWORLD P6XL с 6-дюймовым сенсорным экраном представляет собой портативное решение с встроенным аккумулятором, высокой яркостью для работы на улице и профессиональным набором функций мониторинга. Он отличается легким алюминиевым корпусом и поддержкой 4K HDMI.",890,11,"https://sun9-7.userapi.com/s/v1/ig2/kM0k1jbr_GxDKj1813b5vL_EkRL9YgMwW0fbxJ9CB4J0EQPuqclGhEiL7GoWIh5b6vD9qL9JKULRDwOZrTUuQKJ9.jpg?quality=95&as=32x26,48x38,72x58,108x86,160x128,240x192,360x288,480x384,540x432,640x512,720x576,750x600&from=bu&cs=750x0",true,1,11,
93ba087b-eab6-4d64-80a3-6fa127fc9bf0,"Magic Arm SmallRig 2065B  (5.5"")","Высококачественный мэджик арм от SmallRig из стали и алюминия позволит держать большую нагрузку. На концах винты 1/4 дюйма на шаровых головках для закрепления на оборудовании и креплении аксессуаров и задания любого угла. Силиконовые стопоры позволят закрепить оборудование надежнее, не поцарапав его при этом.",180.00,4,"https://sun9-70.userapi.com/s/v1/ig2/80xC6Jrc5j0VUZO1EgiJJpMtRlJwILz_A1VhpVu9JxTXbN_EHfZi9vRWAL9zkTlfaQR9WH2Dh2N4aZiYYqUqnxHA.jpg?quality=95&as=32x32,48x48,72x72,108x108,160x160,240x240,360x360,480x480,500x500&from=bu&u=gEbO1p3m3fuJVfWNZF65CVFYsSnHeQ3RkeIj2c_V9do&cs=500x500",true,3,4,
95129e94-2f98-49ad-ae71-5c556050f6cc,Штатив GreenBean HDV Elite Combo 4 145-195см. (max 5 kg.)+ голова GreenBean,"Многофункциональный штатив: штатив-тренога 17–173 см, монопод 145–195 см, мини-штатив 20 см, для цифровых видео- и фотокамер. Нагрузка до 5 кг, длина в сложенном виде 51.5 см. 2D-видеоголовка, жидкостное демпфирование, быстросъемная площадка, пузырьковый уровень, сумка-чехол в комплекте.",400.00,15,"https://sun9-56.userapi.com/s/v1/ig2/arKVWELf_llu5RklO-5TAeU05tQyLyaZt9FL2tmsUFQd-DBlbZTjz-8fT2PQkxGPBBQoHRVNopFq6ASdECyDCePf.jpg?quality=95&as=32x32,48x48,72x72,108x108,160x160,240x240,360x360,480x480,540x540,640x640,700x700&from=bu&u=qBGnHP-kLdX7N3yt9MYLnFbaZiLsVLtoIr2kBgEjdPY&cs=510x510",true,1,15,
95432f52-7314-48dc-8541-c251d96b4595," Электронный стабилизатор DJI RS 5 Combo (max 3кг)","DJI RS 5 Combo — профессиональный трёхосевой стабилизатор для камер с максимальной нагрузкой до 3 кг. Подходит для съёмки рекламы, клипов, мероприятий, репортажей, контента и динамичных проходок, где требуется плавное движение камеры.
Стабилизатор обеспечивает точную работу моторов, быстро реагирует на движения оператора и позволяет получать плавные кадры при ходьбе, беге и сложных движениях камеры. Поддерживает вертикальную съёмку — удобно для Reels, Shorts и другого вертикального контента.

Версия Combo включает расширенный комплект аксессуаров, поэтому стабилизатор удобно использовать как готовый рабочий комплект на съёмке.",1990,20,"https://sun9-67.vkuserphoto.ru/s/v1/ig2/pMFboRs_TktsvG4YJ4tMMCFl04pI16_qJjltjoBixyPwBfFI6aB0k0wzand7hDutsX_eYWM5GsTA5ug5x0Y_hJQQ.jpg?quality=95&as=32x32,48x48,72x72,108x108,160x160,240x240,360x360,480x480,540x540,640x640,720x720,779x779&from=bu&u=fuzBjm1YBUMswJZgOKPoFC4BHegsTJoW8IrBSW7Gu-g&cs=540x0",true,1,20,
965f2adc-d28e-462f-bc41-10727eb2a3ab,Светдиодный видеосвет Godox SL-150W 5500K,"Универсальный светодиодный осветитель Godox SL-150W подходит для использования как в фотостудиях, так и для видеопроизводства, и представляет собой источник постоянного света мощностью 150 Вт с цветовой температурой 5600К.
",900.00,7,"https://sun9-1.userapi.com/s/v1/ig2/6x8gKklXh2EYNOSns2QhYqC-6x-YyKE-N06557h7W8UkUHsZdhGE8rZcempdCWwei7q1oDqL3d6XrROIqW3q3BPo.jpg?quality=95&as=32x32,48x48,72x72,108x108,160x160,240x240,360x360,480x480,540x540,640x640,720x720,1000x1000&from=bu&u=UZavc_rtJ6-6Lz-ueRX94bILED01iNllprBRn-f5ZSI&cs=510x510",true,2,7,
96f89a6d-11a3-4c9a-a4d5-130e1f31bcfc,Соты для Godox RGB TL30,"Соты Godox TL-G30 - это тканевая сотовая насадка для светодиодных осветителей TL-30 RGB.
Соты ограничивают световой поток — делают его более узким, оставляя только параллельные лучи, что позволяет сделать освещение более контрастным.
Размер сот в рабочем виде 30х6.5х4.5 см. Для удобства хранения сотовая насадка складывается в плоскость.",150.00,16,"https://sun9-52.userapi.com/s/v1/ig2/ZWhhE7_azK5i3-o7QsAcNW19ay-0TPnAeP89fEyoInoBGw7BdczcSOHBLdG5KKLaQIbeHvs_fiSCFCpamluws_qW.jpg?quality=95&as=32x32,48x48,72x72,108x108,160x160,240x240,360x360,480x480,540x540,640x640,720x720,800x800&from=bu&u=9GJQzltSwyajQvygGllaLPzkNNDiorIvhGKgc9P66pg&cs=510x510",true,2,16,
99b58a01-a18a-4363-8160-8289b957c9d4,Фоллоуфокус Tilta nucleus-nano,"Nucleus Nano от компании Tilta представляет из себя беспроводной радиофокус для управления фокусом объективов при использовании совместно с электронными стедикамами, на штативе и пр., где требуется дистанционное управление фокусировкой или фокусом.",600,15,"https://sun9-22.userapi.com/s/v1/ig2/0e4PrlP0UhZWIK7F68NYZ2pg8RMHgkSWWkdrRGld7kQl7T1oS6JTy-HNT79nyGdUcRVSBMemFVllBnAdo6Cu-7KI.jpg?quality=95&as=32x32,48x48,72x72,108x108,160x160,240x240,360x360,480x480,540x540,600x600&from=bu&cs=600x0",true,1,15,
9a6ba7a6-2a66-44f4-aeb1-22b5a4bcdc42,Аккумулятор Tilta LP-E6P для Canon,"Аккумулятор Tilta LP-E6P — это высокоемкий аналог оригинальной батареи Canon, созданный специально для современных камер с высоким энергопотреблением, таких как Canon EOS R5 Mark II. Главная фишка модели — встроенный порт USB-C, который позволяет заряжать аккумулятор напрямую от павербанка или адаптера смартфона без использования громоздкого зарядного устройства.
",300,2,"https://sun9-39.userapi.com/s/v1/ig2/FZYPx88Pf3S5DqE5PmffQmqDMxrdx_ENsMXX5fVggxFcrtJ9MFI22JtHF-Yny7YDMIdsDHhrLOVqHNpYMFp1MZ7I.jpg?quality=95&as=32x28,48x42,72x63,108x94,160x140,240x210,360x315,480x420,540x472,640x560,720x630,1080x945,1280x1120,1440x1260,1600x1400&from=bu&u=YaXVJ765gmldEEdbq5waD-KjX0S1LqKk4hOsfmFQCEk&cs=640x0",true,2,2,
9d27ab75-5d41-4df0-b36e-735006c4084d,Световые трубки Godox RGB TL30,"RGB-осветитель TL30- светодиодная световая трубка со встроенным аккумулятором (непрерывная работа на полной мощности в режиме ССТ при 2700K или 6500K около 60 минут), которая выдает мощный световой поток и предоставляет множество режимов для творческого освещения в студии или на выезде.",500.00,7,"https://sun9-53.userapi.com/s/v1/ig2/dvU2X7ZdcBeI1iNHTie32HrvCxNY8WwEW2evJIMhhMVCSjp1OfncA4ELyCCRkQcP3btm2j6Gp2FfJUjkSfkyO2HU.jpg?quality=95&as=32x32,48x48,72x72,108x108,160x160,240x240,360x360,480x480,540x540,640x640,720x720,1080x1080,1280x1280,1440x1440,2500x2500&from=bu&u=tA-mkxp2DPBbWO2TWjC-s5vkFLQfJm7CaSpV9_kt5Lc&cs=510x510",true,2,7,
a0bf1bec-3cb1-457e-a8d7-2749a3daefbb,Аккумулятор V-mount ZGCINE V99 Pro,"ZGCINE V99 Pro — компактный 99 Вт·ч (14.8 В, 7000 мАч) Li-ion аккумулятор с креплением V-mount, обеспечивающий питание камер, света и аксессуаров. Поддерживает быструю зарядку PD 100 Вт, имеет OLED-экран, порты USB-C (вход/выход), D-Tap и USB-A. Идеален для видеографов благодаря высокой мощности, компактности и возможности перелета с ним.",490,2,"https://sun9-65.userapi.com/s/v1/ig2/b9ILdAM0-DB9TFqjBiKY_FFbawhBIo_5echSd9cXPw0r9oKlX31blrZvf3WEkCyMSN8dtDjcbGgShGvKcjlxUDru.jpg?quality=95&as=32x32,48x48,72x72,108x108,160x160,240x240,360x360,480x480,540x540,640x640,720x720,1080x1080,1200x1200&from=bu&u=cd5M05dPR2Ey3Y_N0-A7JBgz88K5ls37QJ4WI3kiMWo&cs=1200x0",true,1,2,
a278116f-5dba-47b9-aafc-e58595879665,Объектив TTArtisan 35 мм F1.4 Sony E,"Объектив 35/1.4 производителя TTArtisan представляет собой объектив для беззеркальных кроп-камер с сенсором APS-C для Sony E
Этот современный светосильный объектив оснащен ручной фокусировкой. Отличается компактными габаритами. Фокусное расстояние в 35 мм позволяет использовать устройство для выполнения множества различных задач фотографирования, улучшая общую атмосферу кадра. Это фокусное расстояние считается наиболее приемлемым для создания уличных снимков и для документальной съемки.
Съемная квадратная бленда защищает от попадания лишнего света. Наличие асферических линз позволяет достичь потрясающего разрешения.
Данная модель объединяет в себе мобильность, компактность, элегантность исполнения и удивительное качество изображения.
Диафрагма F1.4 позволяет использовать в условиях плохой освещенности и улучшает контроль глубины резкости.",500.00,13,"https://sun9-78.userapi.com/s/v1/ig2/dLDs977iiE1QkiuDu5pSDQDolgnGFYj0rYIjHJb34s9l0HU1fBHWWTRqpbls-d9phadM9FgTYyMdgOnDZnFbtp6Q.jpg?quality=95&as=32x32,48x48,72x72,108x108,160x160,240x240,360x360,480x480,540x540,640x640,720x720,1000x1000&from=bu&u=JY2dvB4TTDZTr8jsG4hUcd8YqPowab7WI1ZwokdG1ws&cs=510x510",true,1,13,
a51f1aa0-5e09-4a3b-985d-b7fde893aa1a,Экстеншн KUPO 102см. + Grip Arm KUPO (KCP-241),"Алюминиевая головка для крепления удлинительных штанг, экранов, флагов и т.д., эргономичная рукоятка увеличенного размера, четыре V-образных зажима, нескользящий алюминиевый фрикционный диск, центральный стальной болт, крепежная головка 2-1/2"" со стальной удлинительной штангой 40"" (100см) и шестигранным штифтом 5/8"".",450.00,4,"https://sun9-20.userapi.com/s/v1/ig2/t44sh1Ay3qMvJ0bKSO41FxKoauptzlM4VnT2qCDra4tcmr6nr51lOHpd-3FYd2SEgatJm1gDj-ASDoVynLs4ZteW.jpg?quality=95&as=32x32,48x48,72x72,108x108,160x160,240x240,360x360,480x480&from=bu&u=6mxjJqrsycHRhmHreGrf6Jn2YJs8xj27DrpNZp62DXo&cs=480x480",true,2,4,
a5296bee-a7d5-440a-bac9-09e30d239179,Накамерная ручка Sirui Hato SC-TH,"Sirui Hato SC-TH — универсальная накамерная верхняя ручка, предназначенная для комфортной съемки с рук и установки дополнительных аксессуаров. Она обеспечивает надежный хват, улучшает контроль над камерой и позволяет быстро переходить к съемке с низких ракурсов.

Ручка выполнена из прочного алюминиевого сплава и оснащена несколькими точками крепления для микрофонов, мониторов, осветителей и других аксессуаров, что делает ее отличным дополнением к любой операторской сборке.

Sirui Hato SC-TH делает работу с камерой значительно удобнее. Верхняя ручка обеспечивает уверенный хват, помогает получать более стабильные кадры при съемке с рук и позволяет легко установить дополнительное оборудование без усложнения операторской системы.",300,3,"https://sun9-41.vkuserphoto.ru/s/v1/ig2/dW_40rHFm_LkM4qUmh7NB9bVo8uQoJZzPw8LK9vlBVRcpuc-DIGkr4zprXr2l0jDi-ZWkMGHfuJo2EVB1KJkvabc.jpg?quality=95&as=32x32,48x48,72x72,108x108,160x160,240x240,360x360,480x480,540x540,640x640,720x720,1080x1080,1280x1280,1440x1440,1600x1600&from=bu&u=jjV4efAnDUs0YFpkNdwq4ddJgjeYyw6HRS-5h5-DRwI&cs=1600x0",true,1,3,
a5752482-4d5d-4f41-a1a3-d7a3b077938f,"Объектив Canon EF 70-200mm f2.8 l is ii usm ","Объектив EF 70-200mm f/2.8L IS II USM — это мощный телеобъектив с изменяемым фокусным расстоянием, созданный для профессионального использования. Он имеет ударопрочную конструкцию, оснащен стабилизатором изображения с эффектом, эквивалентным четырем ступеням выдержки, и специальными линзами.",1600,12,"https://sun9-1.userapi.com/s/v1/ig2/gak-lbM5vTbtulX0-uyaB-YJarVqBZpcInaxYhDzO4MTva6erY6sRCOgaioKAbfXMGF1JUlnI9yeeGOQnTsqIRBD.jpg?quality=95&as=32x32,48x48,72x72,108x108,160x160,240x240,360x360,480x480,540x540,640x640,720x720,800x800&from=bu&cs=800x0",true,1,12,
a9fd12b4-2b09-467b-8f20-47fc0f26c1c2,Портативный светодиодный фонарь Godox ML100BI 120Вт биколорный 2800К-6500K,"Миниатюрный и при этом высокопроизводительный прибор, помогающий реализовать самые оригинальные идеи при съемке фото и видео. Высокие показатели мощности и освещенности в сочетании с компактностью и простотой управления делают Godox ML100Bi подходящим как новичкам, так и профессионалам.

Благодаря небольшому размеру и весу всего 487 г осветитель будет удобным вариантом для работы и в студии, и на выезде. Крепление Godox mount делает осветитель почти универсальным инструментом — дополнительные аксессуары помогут создать самые сложные световые эффекты.
",900.00,7,"https://sun9-36.userapi.com/s/v1/ig2/H7dTkkCV1vynoNC0P4F62IDo-ud1sCj5-j7KC890Zzy5GG_X_P1l081c5CG0PUM5YK0aSDA5PsOxe9G4rr-7JpSe.jpg?quality=95&as=32x32,48x48,72x72,108x108,160x160,240x240,360x360,480x480,540x540,640x640,720x720,970x970&from=bu&u=FUE7Pl97FJu82pHemaCv31ifD6uF4sj-vMNR8dLsf0Y&cs=510x510",true,3,7,
ab3ede04-6dc7-4748-bec6-088f4484f65a,"Адаптер Viltrox EF-E5, Canon EF на Sony E","Адаптер крепления предназначен для совмещения между собой камеры Sony E-mount и объективом Canon EF/EF-S. Соединяя данный корпус и объектив с помощью представленного на сайте адаптера, пользователь имеет возможность регулировать диафрагму и глубину резкости, используя корпус фотоаппарата. Новый OLED-дисплей, расположенный на адаптере, показывает фокусное расстояние и диафрагму. Режим адаптера и ручного режима диафрагмы также можно использовать самостоятельно. Встроенное программное обеспечение записывает и сохраняет цифровую информацию на снимке. Стабилизация объектива устраняет размытость изображения при спортивной стрельбе или эффективно устраняет ореолы и размытость изображения при спортивной съемке или тряске при удерживании камеры в руках.",500.00,13,"https://sun9-45.userapi.com/s/v1/ig2/FLyE-CgzLF8xQrLwI5BSbQdcsooJqrsaJEwebYDSvjLNd5Ydbv2t5qyesmg7I07X68DnIftOLOx73m4BkDO9gwqC.jpg?quality=95&as=32x32,48x48,72x72,108x108,160x160,240x240,360x360,480x480,540x540,620x620&from=bu&u=um6l2Mxj6DKIucPNde2XMysKr-ltQBxFP0tAx79httA&cs=510x510",true,1,13,
ab83e7e5-1087-43f9-bb47-0d7de6e33a9c,Зарядное устройство для аккумуляторов NPFZ-1003 Sony 2 слота,"Двойное зарядное устройство NP-FZ100 с ЖК-экраном для зарядки литий-ионных аккумуляторов. Он обеспечивает быстрое и совершенно безопасное восполнение заряда одновременно двух аккумуляторных батарей. Заряжать можно как оригинальные аккумуляторы, так и аналоги. У него есть специальные индикаторы, благодаря которым можно контролировать процесс зарядки. Зарядное устройство довольно компактное и его можно носить с собой.",300.00,2,"https://sun9-37.userapi.com/s/v1/if2/mw158uHslkGt-nttWD2KLRgsP-wKluZbwVcnl6BrbrY7RH5_-cTsZh1Do63_K5dOIP7VF1xJaJSXr_z-GXG-JIGw.jpg?quality=95&as=32x18,48x27,72x41,108x62,160x92,240x137,360x206,480x275,540x309,640x366,720x412,903x517&from=bu&u=GVV4f2oQ2PYo2wGWr3is0aNOtev4if5n_PHh0u4XCnw&cs=903x517",true,2,2,
abb561f6-8d2d-4303-b5ab-70233de01fb4,Micro SD 8 gb class 10 u1,,100.00,23,"https://sun9-5.userapi.com/s/v1/if2/mbDaasA2Cz2coYg14eJKLV6yPjoBZk_4rzJQ5MKUm6JDiYZgpRYoC_3SGLrHpDV50BZXnFyQFemStD_xdL7VQy4g.jpg?quality=95&as=32x18,48x27,72x41,108x61,160x90,240x135,360x203,480x270,540x304,640x360,720x405,998x562&from=bu&u=di-2IlmjNDRbSQ3wG3mcmkljCx7AyC6RvimhRR0qZkA&cs=998x562",true,1,23,
ac0f7ea0-14e8-40d3-9b34-bd685be2fa68,Сумка ULANZI Тоут,"Цена указана за аренду в сутки!

Сумка ULANZI ""Тоут"", относится к сумкам для фото- и видеотехники. Она предназначена для хранения и переноски беззеркальных камер, объективов, а также мелких аксессуаров.Сумки ULANZI обычно изготавливаются из прочного полиэстера с водоотталкивающим покрытием, что позволяет использовать их в различных погодных условиях.",350,27,"https://sun9-5.userapi.com/s/v1/ig2/rXYezmDN4prXVdHQzwG0RGitrlj5WMwI8YaDtq8cLpSpQEYUB9FolB1eOVGHOmDk4rfE0DedelKkGgy_-n-bUMPr.jpg?quality=95&as=32x32,48x48,72x72,108x108,160x160,240x240,360x360,480x480,540x540,640x640,720x720,1080x1080,1280x1280,1440x1440,1500x1500&from=bu&u=qVKNS1WlSHS7N6TgR_hrShi8KXDC1X9jppCODxgKKqE&cs=540x0",true,2,27,
ac63b74c-86b9-4577-8ef8-5907fb030283,Зарядное устройство для GoPro Hero 13 на 2 аккумулятрора,"Можно заряжать до 2 батареи одновременно, компактный и легкий, идеален для путешествий, есть отсек для хранения карт памяти, магнитная крышка. Подключение через порт Type-C, до 2,4 А, поддерживает быструю зарядку, полностью заряжает 2 батареи в течение 2,5 часов.",200,1,"https://sun9-27.userapi.com/s/v1/ig2/Ixpsq_akxnsNbQPrF7liWoNtZ-NkS0n1lixvhvkL1Y4ITX-OzpGLF68f-UX6whNjCw8HsQb2ZCsfoMH1GC-nUSq9.jpg?quality=95&as=32x32,48x48,72x72,108x108,160x160,240x240,360x360,480x480,500x500&from=bu&u=2tWHgJ3HmAIOANch_Csim8xy-ZbtlcpvZ71HscS3Tvw&cs=500x500",true,1,1,
ac7f6226-8f5e-42fe-9dc1-378512173f14,Софтбокс Godox 60*90*44,"Прямоугольный складной софтбокс с байонетом Bowens, для создания мягкого рассеянного освещения без резких теней и бликов. Размер 60x90 см. Отражающая поверхность — «серебро».",300.00,16,"https://sun9-54.userapi.com/s/v1/ig2/Kw_M_p26TdJy9uTdDE5Zy4Xwzlx8XgJKKLWW0FlrJkNJHzp6wzmRy042VOYMrV8nbWfUi8gnmqQFUCrDmYLocerM.jpg?quality=95&as=32x32,48x48,72x72,108x108,160x160,240x240,360x360,480x480,540x540,640x640,720x720,1000x1000&from=bu&u=9m0995qTPF4i3bSEz1eVYnlcJDyC-exg5w9h6rvh9bk&cs=510x510",true,4,16,
ad2ff471-a0b9-40fc-9b73-b869960e6fe2,Микрофон петличный Boya BY-M1 (6 метров),"Микрофон Boya BY-M1 предназначен для записи звука во время видеосъемки (небольшие репортажи, видеоподкасты). Он закрепляется на одежде благодаря металлической прищепке. Микрофон является конденсаторным, что предполагает высокую степень чувствительности и более достоверную передачу звука.",200.00,6,"https://sun9-77.userapi.com/s/v1/ig2/m-JcSodAsw5sFLY72-bQzuJ2IIs3vIrGG-ctVzWzkNV35K_1ZaeIgKWCZTHxMaQO8z8yOH93HgU7u4R44OyoHsiT.jpg?quality=95&as=32x32,48x48,72x72,108x108,160x160,240x240,360x360,480x480,540x540,600x600&from=bu&u=cP6AvtYDd4mRLp0ctmZQGZVXsNgqKsNUOdVdQQ1r9w4&cs=510x510",true,1,6,
adaa8458-9f6d-42a1-8744-c309cf52ed64,Штатив Aceline для телефона 30см.,Высота 30 см.,200.00,10,"https://sun9-59.userapi.com/s/v1/ig2/s0mBnkjqbq3EnwbrtpuyEQKs2E9z_-a9eeBSqAIg0UKar87W_IuUGSVxBi_cb-HkHfpkIjXMbWX77YZVlIrrnIyg.jpg?quality=95&as=32x40,48x60,72x90,108x135,160x200,240x300,360x450,480x600,540x675,640x800,720x900,1080x1350,1280x1600,1440x1800,1600x2000&from=bu&u=nu2w5ZQ0qeUFynsqOvLkjaREvdtypDyARW4Ue6exIbs&cs=510x637",true,1,10,
b00c2d78-c495-4424-acb6-7629b9f91345,Сумка K&F Concept,"Сумка K&F Concept — удобная и надежная сумка для транспортировки фото- и видеотехники. Благодаря продуманной внутренней организации она позволяет безопасно разместить камеру, объективы, аккумуляторы, карты памяти и другие аксессуары, защищая оборудование во время перевозки.

Компактные размеры, качественные материалы и мягкие перегородки делают сумку отличным выбором как для повседневной работы, так и для выездных съемок.

Сумка K&F Concept поможет безопасно перевозить оборудование и держать все необходимые аксессуары под рукой. Это практичное решение для съемок, где важны удобство, мобильность и защита техники.
",350,27,"https://sun9-25.vkuserphoto.ru/s/v1/ig2/lpJgY34qLhc4ZI7nM5FLWsGQ29ihDIRPdiEmpeRY2F48zEwl7cK5Vp3lgLB7A_P5qWgxjLAwp0-Bnc_iFg1QAZpO.jpg?quality=95&as=32x18,48x27,72x40,108x61,160x90,240x135,360x202,480x269,540x303,640x359,720x404,1080x605,1280x717,1440x807,1784x1000&from=bu&u=hb8ZYH14Us7rK5u2m-D_uWzNY-0xVyAqGRoFrJ-o1dM&cs=1080x0",true,1,27,
b0e44574-cfcd-434c-a2e9-c7e8698aaca5,"Magic Arm SmallRig 2066B  (9.5"")24см.","1. Все фиксирующие элементы выполнены из прочной нержавеющей стали.
2. Зажимные гайки на винтах ¼» имеют вставки из резины, что обеспечиваете более надёжную фиксацию и предотвращает появления царапин на оборудование.
Универсальный держатель SmallRig 2066B предназначен для крепления аксессуаров на оборудовании. Два винта ¼» с двух сторон держателя дают возможность использовать разные варианты установки. Например, закрепить, с одной стороны, монитор, а с другой адаптер NATO Smallrig 1973 или универсальный держатель SmallRig Super Clamp 735
Все подвижные элементы фиксируются поворотом одной ручки, расположенной в центре держателя. Это позволяет в зависимости от ситуации быстро изменять положение закрепленных аксессуаров. Фиксирующие элементы, выполненные из прочной нержавеющей стали, обеспечивают надёжное крепление.
Обратите внимание, это ВАЖНО:
1. Не устанавливайте на держатель оборудование весом более 1,5 кг.
2. Общая длина держателя включая адаптер «холодный башмак» 241 мм (9,5”).",180.00,4,"https://sun9-50.userapi.com/s/v1/ig2/gwFgpRRFMnHC7hJFnmdTmEaVVNrApZK_s6QpOUW6L5b5lmkwN1WoZB-H2fwHpObFOrl3s06qSS6eylsIkIltlXr_.jpg?quality=95&as=32x38,48x56,72x85,108x127,160x188,240x282,360x424,480x565,540x636,640x753,720x847,740x871&from=bu&u=AmQCW84a15z_1IEMBfQRzmXrEAA7Me3gNPr--CwmSrc&cs=510x600",true,2,4,
b3ae5d7a-d952-4ea1-a735-efc108ad713d,Светодиодный видеосвет Yongnou 300 Air,"YongNuo YN300AIR LED - осветитель светодиодный с цветовой температурой 3200-5500K. Осветитель выполнен в легком и тонком корпусе, обеспечивает мягкий свет и широкий угол освещения, также обладает высоким индексом цветопередачи. Есть возможность использовать с аккумуляторными батареями типа NP-F и от сети.",300.00,7,"https://sun9-35.userapi.com/s/v1/ig2/PcvlpkCdx4Rz0upOHRm493lVfH850otKajco81hKCA0U7cu1sPo3qcsWYoewneuzX4tFXEgFJT3DaGLt23M9D8kI.jpg?quality=95&as=32x32,48x48,72x72,108x108,160x160,240x240,360x360,480x480,520x520&from=bu&u=68v5SA4m_gPE7NMd_po-p4CX46qFtWOy-C9CVwkfjY0&cs=510x510",true,2,7,
b4db6c06-a4bf-42a4-b9b0-d5ec41af7b62,Кабель HDMI - HDMI,"От 0.5 до 10 м.

HDMI — это цифровой интерфейс для мультимедиа высокой четкости, позволяющий передавать видеоданные высокого разрешения и многоканальные аудиосигналы. HDMI обеспечивает более высокое качество изображения и звука по сравнению с аналоговыми интерфейсами.
",250.00,9,"https://sun9-1.userapi.com/s/v1/ig2/Jq1DDzDGcEDf8bHvI7jAuS_Ij2aThJCdQNGBpH8TxmBH9u4Sv86hoswhFtoJeF7Y1zWOU4PQkuGTzdiZ2_NsejRz.jpg?quality=95&as=32x32,48x48,72x72,108x108,160x160,240x240,360x360,480x480,540x540,640x640,720x720,1000x1000&from=bu&u=LAv4uBadeizsxgqHaWwGYrQvb8XXllnSBrQSu8hy-aA&cs=510x510",true,4,9,
b4f052cc-ac75-4e15-80f8-446724ccc8ad,Набор флагов и сеток Godox SF6090 - 5 шт. в комплекте (60х90см.),"Флаги предназначены для формирования, блокирования или рассеивания света от импульсных и постоянных источников, позволяя регулировать контраст и тени без резких переходов благодаря открытому краю без окантовки.
​Набор флагов и сеток Godox SF6090 представляет собой профессиональный комплект для точного контроля света в фото- и видеосъёмке, включающий 5 складных рамок размером 60×90 см с различными тканевыми полотнами.
В набор входят 5 рамок для флагов, 5 полотен (чёрный поглощающий экран, одинарная/двойная чёрные и белые сетки), 2 пальца (35,5×10 см) и 2 точки (Ø16,5 см), а также чехол для переноски.
​Диаметр флагштока рамок — 9 мм, точек — 6/8 мм; материал — сталь и искусственный шёлк.
",1200,4,"https://sun9-18.userapi.com/s/v1/ig2/W_gh8JPNvqzOMU5K_Yzt16bo2c4cmEPXe6MLMjASxQGB5FIHsJtV46Vgur0hjy7-0i5wY3T_iizJoLu9AjiCR2xD.jpg?quality=95&as=32x32,48x48,72x72,108x108,160x160,240x240,360x360,480x480,540x540,640x640,720x720,1080x1080,1280x1280,1440x1440,1700x1700&from=bu&cs=1700x0",true,1,4,
b62f1e3f-00d1-4348-b8d6-4e308ecf7ead,Зажим-клипса Raylab,"Зажим клипса Raylab SH216 используется для крепления фона к стойке или перекладине. Также подходит для крепления фолиевых фильтров на шторках осветительного прибора. Клипса изготовлена из металла, на захватах резиновые накладки.",100.00,4,https://raylab.ru/upload/iblock/445/s4vbuhlawykp3akvml547a8vxseucwel.png,true,1,4,
b673db09-88b3-4415-99df-408951830fbb,Кабель micro USB,"Кабель с разъёмами USB - Micro USB подходит как для зарядки гаджетов с соответствующим разъёмом, так и для соединения устройств с компьютером для передачи данных",100,9,"https://sun9-35.userapi.com/s/v1/ig2/vZ0dBs0qXf8SBmYpZFT5fdKwDFXWZ7fbVVnvmKB5_M4e_KkB-X577cXEBvuo5KoSVfdm2osji9qG0PQ0T9bTblui.jpg?quality=95&as=32x32,48x48,72x72,108x108,160x160,240x240,360x360,480x480,540x540,640x640,720x720,1080x1080,1100x1100&from=bu&cs=1100x0",true,3,9,
b71f5803-4693-428b-94bf-1c634b07e401,Моторизированный слайдер YC Onion HOT-DOG 1м.,"Простой, удобный и функциональный слайдер с максимальной нагрузкой в целых 20 кг! Конструкция Hot Dog не требует сборки, выполнена из лёгкого, но невероятно прочного авиационного алюминия. Блок управления и питания YC Onion BUN проинформирует вас о рабочих параметрах на встроенном дисплее",1500.00,15,"https://sun9-30.userapi.com/s/v1/ig2/voIfUkuvmv36WMw1SrIGXgbt3GUnl5jk2-W5FzB-7KlJsWeWRAkBc0CxHd7taw3n7N2CNny1f8pmz30b1Tz2EHdu.jpg?quality=95&as=32x32,48x48,72x72,108x108,160x160,240x240,360x360,480x480,540x540,600x600&from=bu&u=nQqe8RK5-oM6nohI35ZwaIdCPCaLTA4EObKYinbxAUo&cs=510x510",true,1,15,
b8861641-e4f1-4cb3-ad5f-eb3c1573d3e6,Набор аксессуаров для GoPro в ассортименте,Набор аксессуаров 54 в 1 для экшн-камеры GoPro.,200.00,1,https://www.cifrus.ru/photos/big/gopro/nabor-aksessuarov-50-v-1-dlya-ekshn-kamery-gopro-11.jpg,true,1,1,
b89872c6-12e3-4941-8257-45d7c19d3e9f,Фрост-рама 60х60,"Фрост-рамы используют, когда нужно смягчить свет и получить плавный градиент. При этом свет, который рассеивает фрост-рама, может быть любым: естественным или искусственным, постоянным (led-свет) или импульсным (вспышка или студийный моноблок).",800.00,4,"https://sun9-28.userapi.com/s/v1/ig2/OMPE0LzNf2XK72zXk0Vq0_5BA1vXC5jD9u703oqo-LrCIliG7KGxeDX8TwxrPHAC8qS6BnUStfT5SmMBOvTx2az-.jpg?quality=95&as=32x32,48x48,72x72,108x108,160x160,240x240,360x360,480x480,540x540,640x640,720x720,1080x1080,1200x1200&from=bu&u=qPzjpqwvFywTAltepmG1nlgI3M4T_ogN2RTrNVnXpKU&cs=510x510",true,1,4,
b9e88327-68d2-4318-a12d-72acd9838b45,Пульт дистанционново упр-я Godox RC-A5,"Пульт дистанционного управления Godox RC-A5 предназначен для беспроводной настройки параметров осветителей Godox. С помощью пульта можно управлять яркостью светового потока от 10 до 100%, цветовой температурой (для bi-color осветителей) и т. д.
",100.00,3,"https://sun9-41.userapi.com/s/v1/ig2/iNlD-ohSyQYyYXLcHZd9DbjD2px5Nd90UP4tSZWI4Tm9XR4Y_0i6UmcVLdgaYEKaG_qbEYHX4Y_3vPo19b5vrExg.jpg?quality=95&as=32x35,48x52,72x78,108x118,160x174,240x261,360x392,480x523,540x588,640x697,720x784,900x980&from=bu&u=dHWd4fE9_t7soM5FfUuyJb6k4WVUpziXUVWWVyeI_7w&cs=510x555",true,2,3,
ba01a84a-45ab-4bee-b6de-5fcb152ac120,Камера DJI Osmo Pocket 4,"Компактная камера с профессиональным качеством изображения и встроенным 3-осевым стабилизатором. Идеально подходит для съемки блогов, интервью, мероприятий, путешествий, репортажей и динамичных кадров без использования дополнительного стабилизатора.

Подходит для:
* блогеров и контент-мейкеров;
* съемки Reels, Shorts и TikTok;
* интервью и подкастов;
* репортажей и мероприятий;
* путешествий и семейных съемок.

Камера полностью готова к работе — заряжена, проверена и укомплектована всем необходимым. Отличный выбор, если нужен максимум качества при минимальном размере оборудования.",1900,1,"https://sun9-36.userapi.com/s/v1/ig2/CbWzdFSdgMWKamZD_fuyWw_jd9YA5vCKF6tMGm3838tAj8odXUU9Dl3i-Q9TYzWpBsIfCwV3Eztf7nyruraSEyyP.jpg?quality=95&as=32x43,48x64,72x96,108x144,160x213,240x320,360x480,480x640,540x720,600x800&from=bu&u=dwBasyrRHLhWbaJYFeih4p9K6cDm7ttCDt8Who5V1Qg&cs=540x0",true,1,1,
bdab194e-e07d-42fa-914e-e099989317f9,Рекордер Zoom H5(двух канальный),"Ручной рекордер ZOOM H5 позволяет записывать до четырех треков одновременно. Совместим со всеми микрофонными капсюлями, благодаря чему вы можете выбрать подходящий микрофон по ситуации. Гибкий и мощный Zoom H5 отлично подходит для мультитрековой аудио и видеозаписи, ведения подкастов, трансляций и сбора информации для электронных новостей.",600,6,"https://sun9-32.userapi.com/s/v1/ig2/9shTZuFwhV851DMBf0hGVQZzSxmqA6ApA2l-aMQaO6uUlQcYt3Se7oSbvb6HDIvc8reYZukzXAAp-IyDKUzyrTGX.jpg?quality=95&as=32x32,48x48,72x72,108x108,160x160,240x240,360x360,480x480,540x540,640x640,720x720,1080x1080,1280x1280,1440x1440,1920x1920&from=bu&cs=1920x0",true,1,6,
be1d964d-92fd-4177-bca3-e4b35dac532a,Кабель ONECINE 4к HDMI-HDMI 57см.,"Кабель OneCine Basic HDMI - HDMI (57 см) — это ультратонкий, мягкий и гибкий видеокабель, созданный специально для профессиональной видеосъемки и сборки операторских сетапов. Его ключевая особенность заключается в минимальной толщине, благодаря чему он не ограничивает движения и не перегружает моторы электронных стабилизаторов (стедикамов).
",250,9,"https://sun9-73.userapi.com/s/v1/ig2/5WJ7vq20orgE-blnbGftmQrSE8gFFbyQtmpBLzv0hESztDw2XymG5VY0BlANzVIq1XG2s6rDuMW65CVMds_Cgj_y.jpg?quality=95&as=32x32,48x48,72x72,108x108,160x160,240x240,360x360,400x400&from=bu&u=z9HtOu_uWa3PLAVcFnmz2w9ys7C3rNi9JAEG29Hg4s0&cs=400x0",true,1,9,
bf2192cc-1907-4a12-aaed-460f9e5156a9,Софтбокс Godox FL-SF 6060 с сотами,"Складной квадратный софтбокс для светодиодных панелей. Размер 60х60 см, отражающая поверхность серебро, соты и чехол в комплекте",450.00,16,"https://sun9-9.userapi.com/s/v1/ig2/9nGLcRn-uxAO59x5JNEGQUI4nPjuPYM1VV54U4oGnWMqQf4f12EG8T-lsX8RgbKydiu4h59QMfXMxgNxuRGncEmt.jpg?quality=95&as=32x32,48x48,72x72,108x108,160x160,240x240,360x360,480x480,540x540,640x640,720x720,1080x1080,1200x1200&from=bu&u=3ExsINwOxvHfKQPN7e8m7E4BrPm2-SodltH8uhHJZX0&cs=510x510",true,2,16,
bf441363-8147-403e-b89a-73bdcca5ebe1,Груз-противовес Falcon Eyes W-48 4кг.,"Груз-противовес, массой 4 кг. Предназначен для повышения устойчивости стоек и балансировки ""нависающих"" студийных осветителей, установленных на краны.",180.00,4,"https://sun9-76.userapi.com/s/v1/ig2/GbZj248Shu5qaDyC4A60mFxQQgMCE4uDlhLHQ_lImfu7LtqbeYkxU2R7fOJW2QkutbLoHnShPoJpzDg2Gr5BHsiD.jpg?quality=95&as=32x32,48x48,72x72,108x108,160x160,240x240,360x360,480x480,540x540,640x640,720x720,1080x1080,1280x1280,1440x1440,2000x2000&from=bu&u=mj_QK2MshdAlyXVQuZ5vBOcpkUTDjed7Z_lmRjdfyQg&cs=510x510",true,2,4,
bf5f2935-f341-4472-bf92-025011727bc4,Фрост-рама 120х120,"Фрост-рамы используют, когда нужно смягчить свет и получить плавный градиент. При этом свет, который рассеивает фрост-рама, может быть любым: естественным или искусственным, постоянным (led-свет) или импульсным (вспышка или студийный моноблок).",1000,4,"https://sun9-66.userapi.com/s/v1/ig2/l0sqaLlGaZ4SDa7DG13sQ_7KTMK7DU3yipY4xtw-HW_TVPC2T2gwNVQEqHFtXCBnZA4BmpdDADwMletAUXjyxYxP.jpg?quality=95&as=32x42,48x63,72x94,108x141,160x209,240x313,360x470,480x626,540x704,640x835,720x939,785x1024&from=bu&u=K6X0QXiuOcsLdaYc8jz9aRJKmmFb_kvYE_JLHsWsbtw&cs=540x0",true,1,4,
c093990d-edab-4708-a3fd-f0039bdcb0d7,Студийная вспышка Godox AD600BM II,"Цена указана за аренду в сутки!

Godox AD600BM II — это портативная аккумуляторная студийная вспышка мощностью 600 Дж с байонетом Bowens, отличающаяся ручным управлением, высокоскоростной синхронизацией (HSS) до 1/8000 с, быстрой перезарядкой (0,01-2,5 с) и встроенной системой радиосинхронизации Godox 2.4G. Она предназначена для использования как в студии, так и на выездных съемках, благодаря питанию от аккумулятора и универсальному креплению для светоформирующих насадок. ",1390,28,"https://sun9-51.userapi.com/s/v1/ig2/L-ZU8n8aLi7kqIRQx4YrwmI2e37mOLIizWATBzBE9hgUeHIQXlcY0zPkgEnoiLm8KGGGGepCLc1UaF9x-Sw4sJai.jpg?quality=95&as=32x32,48x48,72x72,108x108,160x160,240x240,360x360,480x480,540x540,640x640,720x720,1080x1080,1280x1280,1440x1440,2000x2000&from=bu&cs=2000x0",true,1,28,
c2a9dcb7-865f-40ff-b2f6-252743029632,"LENSGO Smoke, ручная дым машина 40 Вт","NSGO SMOKE B — функциональный портативный парогенератор мощностью 40 Вт, созданный для воплощения в жизнь любых творческих идей. Компактная дым-машина оснащена богатым набором аксессуаров, позволяющим создать эффект тумана и задымления легким движением руки. С помощью устройства можно добиться любых эффектов: от мелкого тумана до плотной дымки. Режим подачи дыма быстро регулируется согласно поставленным задачам и ожидаемому результату.",600.00,19,"https://sun9-28.userapi.com/s/v1/ig2/10rg5P58dM8hrpxAyyrwGoix03sYP3SY_VscnvKvZVQ1tXQJBEPSxqlSi-ya9SWt-lJwTRDdsEm8sHiB0WeTDK5T.jpg?quality=95&as=32x32,48x48,72x72,108x108,160x160,240x240,360x360,480x480,540x540,640x640,720x720,1000x1000&from=bu&u=1rlPFF24WytzS-OJHv4cLYwsb1vRKPeE7YxSet1w6KM&cs=510x510",true,1,19,
c348b3b4-c332-472d-8a04-a49345299724,Аккумуляторы NPF-980 7800 (мАч),"Аккумулятор стандарта NP-F большой ёмкости для работы со студийным оборудованием.
Имеет индикацию для проверки уровня заряда.
Батарею можно использовать в качестве внешнего аккумулятора для подзарядки гаджетов, на торце расположен USB выход.
Отличительной особенностью является возможность пополнить энергозапас без специального зарядного устройства. Для этого предусмотрен вход USB Type-C.
Номинальная емкость: 10800 мАч.",300.00,2,"https://sun9-56.userapi.com/s/v1/ig2/o3T_DsTWOEbOF0xhRv-LlrUDrjbVZuHtzftX6-ABsG6zOHKZmCgIxRju9vLdD4eOPphCrqzmj4ajxbmFjY-CYYMz.jpg?quality=95&as=32x32,48x48,72x72,108x108,160x160,240x240,360x360,480x480,540x540,640x640,720x720,1000x1000&from=bu&u=fa0YYqTSAzhQenOWKdKzgpdT2z6aomUzIXCpuK37z4I&cs=510x510",true,6,2,
c4ceac6a-f448-40e6-8dd6-f3f9d2132405,Удлинитель сетевой 220В 20 метров,Длина 20 метров.,300.00,18,"https://sun9-33.userapi.com/s/v1/ig2/rbpkd3K2PHr7Yk_A5sLAFV1o3_-ezF5owkb1R4D9frEbiFqpu0ecruvr4jEFr_QqbYN1QKYNCJil8kvXnILY2qNt.jpg?quality=95&as=32x32,48x48,72x72,108x108,160x160,240x240,360x360,480x480,540x540,640x640,709x709&from=bu&u=tJ2-WUEc6lpOV2Eqei9qMfur7IbufCbIdFOZjh6aLh0&cs=510x510",true,1,18,
c60e5073-5825-435a-89c0-623cb0a80b27,Коврик светодиодный Godox F200BI биколорный 2700К-8500К,"Складная светодиодная панель Godox Knowled F200Bi – универсальный биколорный источник света для работы в любых условиях. Складная конструкция, водонепроницаемость панели и легкий вес позволяют использовать F200Bi для специфичных задач при видеопроизводстве.",1500,7,"https://sun9-86.userapi.com/s/v1/ig2/Dy3neuHz0a7GmtdGjeEEltQDAo-iJ0j0vuSJeHvtRndV4I5dPZPQydzJg03KLFYH7Y48cyg3GaiCBpNf_74Slodr.jpg?quality=95&as=32x32,48x48,72x72,108x108,160x160,240x240,360x360,480x480,540x540,640x640,720x720,1080x1079,1280x1279,1440x1439,2048x2047&from=bu&cs=2048x0",true,2,7,
c800ce10-7481-46bc-9445-07e8cff08def,Отражатель Godox Gold and Silver 150x200 см.,Размер (150x200 см.),300,4,"https://sun9-70.userapi.com/s/v1/ig2/6J0IY4Zf5vvzuLt3_fYTfwS7GjkO8AB2CyD5EdQBj-P77q-hTEgx4VAdqiUdg02R7G-FRTdiduU2qmy6SNNJzMOx.jpg?quality=95&as=32x35,48x52,72x78,108x117,160x173,240x259,360x388,480x518,540x583,544x587&from=bu&u=S1_uuChVyLwq7GO-R-qTGte70p8OhPatNzQAxhMfjSc&cs=510x550",true,1,4,
c83a6658-1e19-4e2d-b6c4-a723b36520de,Объектив Viltrox 9mm F2.8 E-Mount (кроп),"Viltrox 9mm f/2.8 — сверхширокоугольный объектив для камер Sony E с матрицей APS-C. Благодаря эквивалентному фокусному расстоянию 13,5 мм он позволяет захватывать максимум пространства в кадре, что делает его отличным выбором для съемки интерьеров, архитектуры, недвижимости, пейзажей и динамичного видеоконтента.

Светосила f/2.8 позволяет уверенно работать не только днем, но и при недостаточном освещении. Современная оптическая схема обеспечивает высокую детализацию, а быстрый автофокус делает объектив удобным как для фото, так и для видео.

Если вам нужен максимально широкий угол обзора без использования экшн-камеры, Viltrox 9mm f/2.8 станет отличным выбором. Он идеально подходит для съемки просторных интерьеров, эффектных пейзажей, динамичных видеороликов и креативных проектов, где важно показать максимум пространства в одном кадре.",600,13,"https://sun9-39.vkuserphoto.ru/s/v1/ig2/-VO_rdH7XAJBvEW_smEYKCTFRmrVVxCnbITI1_vZhoVE_gSVAPiK4umjdOPzu0qsnim3JwBYbN6i3z37kTOu1714.jpg?quality=95&as=32x32,48x48,72x72,108x108,160x160,240x240,360x360,480x480,540x540,640x640,720x720,1080x1080,1280x1280,1440x1440,1600x1600&from=bu&u=UC3SM8aOaLNceHWIshHc2BAdkbTC5TPHPnmePTkx79Y&cs=540x0",true,1,13,
c9e457db-e930-4314-8728-71ae437f62ce,Walkingway Close up filter +8 67mm,"Каждый объектив камеры имеет ограничение на минимальное расстояние для съемки.С помощью линз для крупного плана вы можете приблизиться к объекту и наслаждаться максимально близким изображением по вашему выбору.
Изготовлен из высококачественного оптического увеличительного стекла, сокращающего расстояние фокусировки линзы. Байонет диаметром 67 мм.",350.00,22,"https://sun9-25.userapi.com/s/v1/ig2/Bttb1b3jZ_5-dQl9_9M1oJ89XLP5_bNT_HLHCelQmtO7NxKlP80jVtEzGL6D2Z4xkSJ4fSj9R_CeKikws0ptiVsR.jpg?quality=95&as=32x32,48x48,72x72,108x108,160x160,240x240,360x360,480x480,540x540,640x640,720x720,1080x1080,1280x1280&from=bu&u=fgEjXno8RDXPChOpmpClp6M6AeikdqUdP3nEMfsfAag&cs=510x510",true,1,22,
ca5ec6fe-2611-4bfa-ad74-0f593e2cfe1d,Walkingway Close up filter +4 67mm,"Каждый объектив камеры имеет ограничение на минимальное расстояние для съемки.С помощью линз для крупного плана вы можете приблизиться к объекту и наслаждаться максимально близким изображением по вашему выбору.
Изготовлен из высококачественного оптического увеличительного стекла, сокращающего расстояние фокусировки линзы. Байонет диаметром 67 мм.",350.00,22,"https://sun9-35.userapi.com/s/v1/ig2/aY0ub2eLxfvRuyq2uoFydreuXZn8N0p9z4Y5N9adF4VmlSYPJrZVgQYHsREaYyy3-Kv0-lKzWmF28quzbYHwGUjX.jpg?quality=95&as=32x32,48x48,72x72,108x108,160x160,240x240,360x360,480x480,540x540,640x640,720x720,1080x1080,1280x1280&from=bu&u=CEYqD8BNCMV4mxdVN0r6RHgPQEq1bINA13vFiZbW_d8&cs=510x510",true,1,22,
cd83ec0a-5033-4040-80f9-57b90f27c0e9,Картридж Instax Mini 12 (10шт. фото),Цена указана за картридж (10 фото.),1800,24,"https://sun9-7.userapi.com/s/v1/ig2/34UtXm3IHqwsihpsjCXtI1mSBNlSkyOVSIoQLWBLH6Ey8AsFSwszKoFWbtGPQH3RW_UPfR0mVCs46hhwLWA_THnJ.jpg?quality=95&as=32x32,48x48,72x72,108x108,160x160,240x240,360x360,480x480,500x500&from=bu&u=0Htp_ZotqQAdRdTSGOEyBsLKmKwH1JZvY4GmSPPc5K0&cs=500x500",true,3,24,
cf4c67a5-8668-468f-b115-0f4289da09cf,Клетка SmallRig для GoPro Hero 13,"Клетка SmallRig 3084 предназначена для защиты камеры GoPro Hero 13 / 12 / 11 / 10 / 9 Black и установки дополнительных аксессуаров. Она совместима с адаптером микрофона GoPro и модулем объектива GoPro Max. Клетка повторяет форму корпуса камеры, не блокирует доступ к панели управления, настройкам и разъемам.",250.00,1,"https://sun9-9.userapi.com/s/v1/ig2/pZd2pqpOeGp6CfQwiaBi0prETmeObrbb49gTRBvdmpxwZuWfq8qclKANA8Z75yCvYi1bIu319OOhp4n_qpQQQ51d.jpg?quality=95&as=32x32,48x48,72x72,108x108,160x160,240x240,360x360,480x480,540x540,640x640,720x720,1080x1080,1280x1280,1440x1440,1600x1600&from=bu&u=8Kn7O9MlqeWTzovA8TRnoxKe2vLChAuxXH9MIhsi-2I&cs=510x510",true,1,1,
cfb7cf68-7b4a-4699-a74c-fc20052f3354,Накамерная ручка Smallrig,Ручка+винты+инструмент,200.00,3,"https://sun9-51.userapi.com/s/v1/ig2/lyLckqfgv7G5swkL3-JvRji7TpgUb3dJ2xenKIbkMR1FIAmRqFkBgGVQOvFgObPQxHkEHAEpyaSlGIcUnshPiKFx.jpg?quality=95&as=32x32,48x48,72x72,108x108,160x160,240x240,360x360,480x480,540x540,640x640&from=bu&u=0APi9VY4z6r7mKVzsXHFF2uQ1Q8wp0kDzASumX8Jd5I&cs=510x510",true,1,3,
cfd705e8-abf2-4997-bf6b-8974b09f0d64,Шторка-липучка для монитора Liliput 5,Портативная липучка для монитора Lilput5. Используется при ярком свете.,150.00,11,https://812photo.ru/upload/medialibrary/451/Liliput_A5-shtorki.jpg,true,1,11,
d03ca235-17ae-486d-9d08-b89b97ee70d8,Объектив Canon EF 50mm f/1.8 STM,"Недорогой светосильный STM-объектив с диафрагмой f/1.8 для съемки в условиях слабого освещения, портретов и фотосъемки общего назначения.",500.00,12,"https://sun9-25.userapi.com/s/v1/ig2/HInF34baM81-9iLRpmPPWUpwf5izrSYlUgTTCR7_0lMa-C38doBxnoTmwqKpI_QM3m7UbxW_noFQlb41Mfzn5BeJ.jpg?quality=95&as=32x32,48x48,72x72,108x108,160x160,240x240,360x360,480x480,540x540,640x640,720x720,1000x1000&from=bu&u=sXKVaatnb2HdhZyUN2aRQ_8vKazoomFmMQ9GqwA77DE&cs=510x510",true,1,12,
d158d2e0-6670-4b98-ad7d-45c561223a53,Площадка питания V-Mount ZGCINE VM-VP2 (на суппорта 15mm),"Площадка питания ZGCINE VM-VP2 (на суппорта 15mm) — это универсальный разветвитель питания, предназначенный для использования с аккумуляторами стандарта V-Mount. Он обеспечивает стабильное и надежное энергоснабжение широкого спектра оборудования для профессиональной видеосъемки, такого как камеры, мониторы, системы беспроводной фокусировки и другие аксессуары.

Совместимость: V-Mount батареи
Крепления: 15mm LWS суппорты
Материал: алюминий
Выходы:
2 x USB-C Output
1 x LEMO 2-Pin Output
2 x DC Jack Output
2 x D-Tap Output",490,2,"https://sun9-16.userapi.com/s/v1/ig2/m2Sg8berUYQbmtvzXQyUyZQoyETX53bNGvblwvT-68dF0vw38o9T41mOAGqfdICGHUDkxXNw829RHTjWewWbuLTu.jpg?quality=95&as=32x32,48x48,72x72,108x108,160x160,240x240,360x360,480x480,540x540,640x640,720x720,1080x1080,1280x1280,1440x1440,1600x1600&from=bu&cs=1600x0",true,1,2,
d1ca33aa-d3d8-444e-9760-5ef22f81792c,З/У Tilta для аккумуляторов LP-E6P для Canon,"Зарядное устройство Tilta для аккумуляторов LP-E6P (обычно в составе кейса Tilta Charging Station) — это компактная станция на 4 слота для одновременной зарядки батарей, подходящая для камер Canon R5 Mark II и других. Станция обеспечивает полную зарядку за ~3 часа.",200,2,"https://sun9-63.userapi.com/s/v1/ig2/_5UGNzimonyf-XX8A5qAnvVsCe0BTbLqn3VogzN-5g3hLZokjLkb5rgaeuHH-f9tAkZyeMdRr1BgZf75i2W3R3gl.jpg?quality=95&as=32x32,48x48,72x72,108x108,160x160,240x240,360x360,480x480,540x540,640x640,720x720,750x750&from=bu&u=f2Vlmarjq0YEa5pPqRP1DlA7Y4oyCjrh_iwAnznfTzs&cs=750x0",true,1,2,
d1eee623-fc60-415b-aa78-687edfb28d28,Камера Canon R6 Mark ii,"Цена указана за аренду в сутки!

Canon EOS R6 Mark II — это современная камера, создающая новое поколение беззеркальных систем, сочетающих в себе высокое качество изображений и быстродействие. Основные преимущества включают: полнокадровый 24,2 МП сенсор, обеспечивающий отличное качество изображения и лучшие результаты при слабом освещении; продвинутая автофокусная система Dual Pixel CMOS AF II с технологиями распознавания объектов, что позволяет быстро и точно фокусироваться на движущихся объектах; поддержка съёмки видео в 4K с частотой до 60 fps и отличное качество Full HD до 120 fps для создания плавных замедленных съёмок; и высокая скорость серийной съёмки до 20 кадров в секунду с электронным затвором.",3000,25,"https://sun9-83.userapi.com/s/v1/ig2/8bli1nkz7nEeWSQZ8es70EME8L04OCV8bcYFDVZLbXdpSB-rKsZHF2bqggslah8ij4q5mbaLwEBEDLovLQhpy2mZ.jpg?quality=95&as=32x32,48x48,72x72,108x108,160x160,240x240,360x360,480x480,540x540,600x600&from=bu&u=_frerKfV0GgdkbPOyizKoZC41DuzOZDGx_C8eSI6PFk&cs=540x0",true,2,25,
d2eb5f57-41df-4134-b6cd-371d1187e72c,Дым-машина Involight FM900,"Компактная дым-машина (генератор дыма) Управление: проводной пульт, радио пульт (в комплекте) Мощность нагревательного элемента: 900 Вт >Выброс дыма: до 3 м Объём выброса: 141 кубометр/мин Бак для жидкости: 1 л.",400.00,19,"https://sun9-12.userapi.com/s/v1/ig2/GlVT0inEvwijg_8PJD3cOJKqoH9FbckGeMT4IcVWYIXKWdTQmH2kQy7h-rUsyI9WmD6pWyH2P7VJbBQcm-Kfv1y3.jpg?quality=95&as=32x43,48x64,72x96,108x144,160x213,240x320,360x480,480x640,540x720,640x853,720x960,900x1200&from=bu&u=WW8qohQmYSW1kLvZVy5NGudMvaJqMC5WGXinpSpoGkM&cs=510x680",true,1,19,
d382d2b2-8a36-4369-a4c0-497aeafee8ef,XLR кабель (10м),"XLR-кабель 10 метров — профессиональный балансный аудиокабель, доступный в аренду в Playback Rental (г. Кемерово). Предназначен для подключения микрофонов, рекордеров, микшерных пультов, аудиоинтерфейсов и другого профессионального звукового оборудования.

Длина 5 метров обеспечивает удобство работы как в студии, так и на выездных съёмках, позволяя свободно разместить оборудование без лишнего натяжения кабеля. Балансное XLR-соединение гарантирует стабильную передачу сигнала с минимальным уровнем помех и шумов даже при работе в сложных условиях.

Кабель подходит для подключения проводных микрофонов, радиосистем, рекордеров Zoom, камер с XLR-адаптерами, микшерных пультов и другого профессионального оборудования.

Playback Rental предлагает в аренду полный комплект оборудования для записи звука: микрофоны, радиосистемы, рекордеры, микшеры, наушники, стойки и все необходимые аксессуары.

Арендуй XLR-кабель 5 метров в Кемерово и получай надёжное подключение для качественной записи звука на съёмках, мероприятиях и студийной работе.",400,9,"https://sun9-78.userapi.com/s/v1/ig2/zmWWR_ZuwQ6SoSxw3GoXIMDlHBFaTBaTvKuf2kq7PHAG53OnmRBJmjHbPssyuU8nd9K4Iaj4Q7CwEOSGrA3mwf1d.jpg?quality=95&as=32x32,48x48,72x72,108x108,160x160,240x240,360x360,480x480,540x540,640x640,720x720,1080x1080,1254x1254&from=bu&u=EKW9bdMP1WcKF6ZCJhRgzxGg3JrvUX5ufTPx2Fqdsbc&cs=1254x0",true,2,9,
d4b23434-9f83-42ac-a1c9-387ee44ce83a,Сумка Ulanzi F01,"Сумка Ulanzi F01 спроектирована специально для городской среды. Благодаря компактным размерам и весу около 235 г, ее легко носить с собой, а современный дизайн отлично подойдет к любому образу. Дополнительно также предусмотрен задний карман на молнии для хранения мелких предметов",250,27,"https://sun9-63.userapi.com/s/v1/ig2/VtfJ9Q70lmX6Z9xprOnSMK5dks27zCrqKMlIc9keVpOp8RsKO2YhgTNOD_CO7l9ryDiI75xCxlIfP7macdC5xp6j.jpg?quality=95&as=32x32,48x48,72x72,108x108,160x160,240x240,360x360,480x480,540x540,640x640,720x720,1080x1080,1280x1280,1440x1440,1920x1920&from=bu&u=MLq5GyBqblb3V0UCm8oQVmexFQwcHSxPTVrobEjNlew&cs=540x0",true,1,27,
d51a6ded-b248-46be-a388-ac66a94b36af,Объектив Tamron 17-28mm f2.8 Di iii sony E,"Tamron 17-28mm f/2.8 Di III RXD Sony — широкоугольный зум-объектив – идеальное решение для съемки впечатляющих пейзажей и архитектуры. Постоянная светосила f/2.8 позволяет работать даже при слабом освещении, а диапазон фокусных расстояний от 17 до 28 мм открывает широкие возможности для творчества.
Сверхбыстрый и тихий автофокус RXD обеспечивает точную фокусировку в любых условиях. Компактные размеры и продуманная эргономика делают объектив удобным для длительных съемок. Защита от пыли и влаги гарантирует надежность в различных погодных условиях. Отличный выбор для аренды как профессионалами, так и энтузиастами.
Playback Rental предлагает полный спектр оборудования для видеосъемки и продакшена. Арендуй Tamron 17-28mm f/2.8 Di III RXD Sony в Кемерово и снимай как мастер!
",1150,13,"https://sun9-74.userapi.com/s/v1/ig2/zd-YOAUEVoRF96VMAA6WaQeZWlsFGzQQ3fKtjoxNgCLZ-BdWa6xTuOsuTVnoN-6q_8dLCWtcHBOdAXcoeJSISGLE.jpg?quality=95&as=32x32,48x48,72x72,108x108,160x160,240x240,360x360,480x480,540x540,640x640,720x720,800x800&from=bu&u=szi2pZTBuY_NbfCBaoflSI3lqS04_U2FDXPehaKaxPQ&cs=540x0",true,1,13,
d8a89736-156a-4dd9-a11a-fa7594b4050d,Walkingway Close up filter +2 67mm,"Каждый объектив камеры имеет ограничение на минимальное расстояние для съемки.С помощью линз для крупного плана вы можете приблизиться к объекту и наслаждаться максимально близким изображением по вашему выбору.
Изготовлен из высококачественного оптического увеличительного стекла, сокращающего расстояние фокусировки линзы. Байонет диаметром 67 мм.
",350.00,22,"https://sun9-38.userapi.com/s/v1/ig2/uWhR3lpxm0nS7GNKxvDDmE3i120iPPXvrIS-eyq4HjuSd_qK1j5GGZlq1hLkOwiqdO39jg-O-ixgGvfM_hfpKG3M.jpg?quality=95&as=32x32,48x48,72x72,108x108,160x160,240x240,360x360,480x480,540x540,640x640,720x720,1080x1080,1280x1280&from=bu&u=ab_UOoaEncMGtqJ2GZ3hBAD9tjux9RQV7Q6fyKvCtv8&cs=510x510",true,1,22,
d958bc91-9d2b-4992-8d73-5927e2f90b8d,Беспроводная радиосистема DJI Mic  (2TX + RX + зарядный кейс),"DJI Mic — компактная, легкая, но мощная система беспроводного микрофона, обеспечивающая исключительное качество звука на расстоянии до 250 м. Передатчик позволяет добиться четкой записи вокала, звуков окружающей обстановки и музыкальных инструментов на профессиональном уровне.",1000.00,6,"https://sun9-43.userapi.com/s/v1/ig2/RJktwrl4M-MH4n2LMeO7ak0vlUhfk4CJsrsEhJGcptQoAx0aHsww8wNRmtqiFp1CYi2Nf1yU2rVLn4UGkQVsgoAU.jpg?quality=95&as=32x32,48x48,72x72,108x108,160x160,240x240,360x360,480x480,500x500&from=bu&u=GTg6rAzqyuA6U5CW51IE8icWb046IArPXQD1j1JLEmI&cs=500x500",true,1,6,
da1dd01d-3174-4307-952a-5561c1dd5f1d,Базовая площадка SmallRig 1674,"SmallRig 1674 — это компактная и легкая базовая площадка (U-base) из алюминиевого сплава с креплением для двух 15-мм направляющих (расстояние между осями 60 мм), предназначенная для риггинга видеокамер весом до 4 кг.",300,15,"https://sun9-24.userapi.com/s/v1/ig2/w5uwACsyIE2i-VvsDZGv3FvWL3vLdvxbMDzsz0Q0kg_KCCIahrEqhltKRVHi32rbR1NkigrRI3Qbt8paI5qjbe0X.jpg?quality=95&as=32x32,48x48,72x72,108x108,160x160,240x240,360x360,480x480,540x540,640x640,720x720,1000x1000&from=bu&cs=1000x0",true,1,15,
dbaab87b-885c-41c5-bcc0-df7cad5c63ca,Зарядное устройство для аккумуляторов NPFZ-1003 Sony 1 слот,"
Зарядное устройство Sony BC-QZ1 предназначено для литий-ионных аккумуляторов Sony NP-FZ100. Это оригинальный аксессуар, который обеспечит восполнение энергии батареи за минимальное время и не причинив вреда. С ним всегда можно быть уверенным, что заряженный аккумулятор отработает положенное ему время. Sony BC-QZ1 подключается к бытовой электросети при помощи съемного кабеля. На корпусе устройства есть индикатор, сообщающий пользователю о том, нужно ли заряжать аккумулятор (красный цвет), или нет (зеленый).",200.00,2,"https://sun9-28.userapi.com/s/v1/ig2/69TEKPFJrjENs4Tw994Owug5ZGTRzXYncvwbpm8W5kmgu8w_inQWtZ1rDeq7aIcPPfUvvdJqjQp2XSu1T-6WCKdp.jpg?quality=95&as=32x32,48x48,72x72,108x108,160x160,240x240,360x360,480x480,540x540,640x640,720x720,800x800&from=bu&u=A1u3IICLr7vIoT8WZ_ZXqwBqU6lJWugtKmAwuWUsesw&cs=510x510",true,1,2,
dc90587a-87a5-4d21-abac-bae769789157,"Светодиодный видеосвет Amaran 300c, RGB цветной/биколорный","Aputure amaran 300C - это профессиональный светодиодный светильник, который идеально подходит для использования в студийных условиях. Он оснащен 300 высококачественными светодиодами, которые обеспечивают мощный и яркий свет. Светодиоды разных цветов, включая белый и RGB, позволяют настраивать цветовую температуру и яркость света в зависимости от потребностей съемки. SOS CRI95+ технология идеально передает естественные цвета объектов, а угол обзора 120 градусов увеличивает площадь освещения. Кроме того, Aputure amaran 300C имеет возможность диммирования, что позволяет плавно регулировать яркость света. С помощью мобильного приложения, которое можно скачать бесплатно на свой смартфон, управление светом становится еще более удобным и быстрым. Каждая панель Aputure amaran 300C имеет несколько способов крепления, что позволяет легко и быстро устанавливать их на различных стойках. Компактный и легкий дизайн Aputure amaran 300C позволяет использовать его в различных условиях, а чехол для переноски, который идет в комплекте, обеспечивает безопасность и удобство транспортировки. Aputure amaran 300C - это профессиональный светодиодный светильник, идеально подходящий для использования в студийных условиях, позволяющий настраивать цветовую температуру и яркость света. Светодиоды разных цветов, включая белый и RGB, обеспечивают идеальную передачу естественных цветов объектов, а угол обзора 120° увеличивает зону освещения. Кроме того, он обладает функцией диммирования и может быть легко управлять с помощью бесплатного мобильного приложения. Aputure amaran 300C имеет легкий и компактный дизайн с возможностью быстрого монтажа на различных стойках идет с чехлом для переноски.",1500,7,"https://sun9-43.userapi.com/s/v1/ig2/l8mz8_h_SfxpqqD-q8Tsjw0rC2nEJVQ2zQfLaFI84SybythW43QposO4BbdqhWj5RR-BK5CARGPucRL4JDRu40LN.jpg?quality=95&as=32x32,48x48,72x72,108x108,160x160,240x240,360x360,480x480,540x540,640x640,720x720,800x800&from=bu&cs=800x0",true,2,7,
dd356e6f-8877-4916-a9e5-4841a074cf62,Аудиокабель AUX 20см.,,150.00,9,"https://sun9-44.userapi.com/s/v1/ig2/RcqvuxeMah0066RCZD81kC3BpA3RZiN5ouos1q--AhoBGqrLA9IeIaPxX_g4ZYpLhEocq8hQzZIfUbpRS3X1BrMm.jpg?quality=95&as=32x32,48x48,72x72,108x108,160x160,240x240,360x360,480x480,540x540,640x640,720x720,1000x1000&from=bu&u=oPM2GhWICLjqGyMjJ7SxNQjvAVHQGLLd2tAv4lraJ2I&cs=510x510",true,1,9,
deac51eb-ee29-47b3-a105-0f1366c1e199,Удочка микрофонная MicHolder carbon 45-300см.,"Конструкция содержит 5 сегментов, что облегчает выбор нужной длины, хранение и транспортировку. Секции выполнены из легкого и прочного углеродного волокна с толщиной стенки 1 мм, алюминиевые цанговые зажимы с резиновыми накладками надежно фиксируют секции. Благодаря прецизионно сбалансированной конструкции секции выдвигаются очень плавно и фиксируются без люфтов. Внутри удочки предусмотрен канал для кабеля. Рукоятка из вспененного материала длиной 63 см позволит комфортно удерживать удочку продолжительное время.",500,6,"https://sun9-86.userapi.com/s/v1/ig2/vMFvGSZ67R0X2YkI9r3dlS-vDsGb1L7mhTQTL2Wjv9IseGbu8wTcKr6WWKCg8-CaUwXMFyI37K8VyczYbDeptIUc.jpg?quality=95&as=32x32,48x48,72x72,108x108,160x160,240x240,360x360,480x480,540x540,640x640,720x720,1000x1000&from=bu&cs=1000x0",true,1,6,
e2e790b5-1cc1-4523-9a4f-ed2184171fbb,Объектив Canon EF 24-105mm f/4L IS USM,"Цена указана за аренду в сутки!

Объектив Canon EF 24-105 мм f /4L IS USM - это простой в использовании стандартный зум-объектив, который может охватывать большую область зума в диапазоне от широкоугольного 24 мм до портретного телеобъектива 105 мм. Объектив EF 24-105 мм f/4L IS USM соответствует самым высоким стандартам прецизионной оптики Canon.",800,12,"https://sun9-25.userapi.com/s/v1/ig2/31u6YnNcAhMxsMaZLL4KdpSHcCqpeCxe78IpgteElJB-pvtAbpWB_GUIp2HUajVJmUZO4-JtQ3cXMOVnlOxC0PCw.jpg?quality=95&as=32x32,48x48,72x72,108x108,160x160,240x240,360x360,480x480,540x540,600x600&from=bu&cs=600x0",true,1,12,
e3d5c474-ef52-4c27-bb9e-e3ec83098f5a,Микрофон-пушка Boya PVM1000,"Микрофон Boya BY-PVM1000 оснащен фильтром низких частот, за счет которого отсекается низкочастотный шум с частотой до 80 Гц. Модель имеет универсальное крепление, включающее и стандартный ""горячий башмак"", и резьбу 1/4"", благодаря которой ее можно расположить на микрофонной стойке.",500.00,6,"https://sun9-11.userapi.com/s/v1/ig2/sqOgKtsQzcJ0wCWM2Aj24-VgOIdvhu1aEXSe8C3RGimU-uArxIUzZy6vulOKAevWSEzfXRDze0Xh0dwxz-qBB2YJ.jpg?quality=95&as=32x32,48x48,72x72,108x108,160x160,240x240,360x360,480x480&from=bu&u=4nuuAEAXyx8F23OXo_hQWF9k6WPyH7NV8jjZU0BiIWU&cs=480x480",true,1,6,
e40940ab-ee5d-4e50-bde5-69525d5c970b,insta360 X5,"Цена указана за аренду в сутки!
Звоните (оперативнее отвечаем).

Экшн-камера Insta360 X5 — это новая панорамная 360-градусная камера с увеличенной матрицей 1/1,28 дюйма, поддерживающая видео в разрешении до 8K HDR и фото 72 Мп в 360 градусов. Она оснащена большими сенсорами, тройным AI-чипом для улучшенной съемки при слабом освещении, системой подавления шумов и оптимизацией динамического диапазона, что обеспечивает яркое и четкое изображение даже ночью.
Камера снимает 360-градусное видео с разрешением 8K при 30 кадр/с, 5.7K при 60 кадр/с и 4K при 120 кадр/с. Есть новый режим InstaFrame для одновременной съемки 360° и плоского видео, эффект “невидимой” селфи-палки, сменные сверхпрочные линзы, а также улучшенный звуковой модуль с системой подавления ветра. Аккумулятор емкостью 2400 мАч обеспечивает до 185 минут работы, с возможностью быстрой зарядки.
Камера имеет повышенный класс защиты IP68 (водонепроницаемость до 15 метров без чехла), улучшенную защиту от царапин, и более крепкий корпус, что делает её одной из самых прочных среди 360° экшн-камер.",1700,1,"https://sun9-58.userapi.com/s/v1/if2/F0VYVbLh0qqY2EbHn59xYuVBQAgZuevU3QzEtffMdkZMBaC4NEITnHIWMCsZCVOPf2W4dRNbNL1voR8_-MF54hId.jpg?quality=95&as=32x24,48x36,72x54,108x81,160x120,240x180,360x270,480x360,540x405,640x480,720x540,800x600&from=bu&u=29O7n9x_g0W9mb5Md37jx8IT680kmDEUbVVeFKbLmwo",true,1,1,
e4a771b0-0687-4caf-9563-f1e639291c16,Софтбокс Godox FL-SF 4060 40*60 с сотами для Godox FL100,"Складной прямоугольный софтбокс для светодиодных панелей FL100. Размер 40х60 см, отражающая поверхность серебро, соты и чехол в комплекте
",400,16,"https://sun9-75.userapi.com/s/v1/ig2/gn3fFx-5atv2TqJpODb_B4FqSmnGK3rlmlnXipCHI-oz5vP2dLEa2EK3MiZmHhWzAT__NsP4GzmX5os4hCrW_xE9.jpg?quality=95&as=32x32,48x48,72x72,108x108,160x160,240x240,360x360,480x480,540x540,640x640,720x720,1080x1080,1200x1200&from=bu&cs=1200x0",true,2,16,
e4c65e8c-203c-480b-9316-0ac7992f682e,Очки Ray-Ban Gen1,"Умные очки Ray-Ban Meta — это сочетание классического дизайна и технологий, предназначенное для съемки фото/видео от первого лица, прослушивания музыки, приема звонков и использования голосового помощника без помощи рук. Они позволяют оставаться на связи, не глядя в экран смартфона.",1500,30,"https://sun9-87.userapi.com/s/v1/ig2/QgMoC5w7Y8L4_zens5QAhyF01U_4qoWtV45XRRhcWFwWrHAB6M9OfUCkgkGjifdtbmzoxrzXnnNpDFSwlXJD1S-B.jpg?quality=95&as=32x43,48x64,72x96,108x144,160x213,240x320,360x480,480x640,540x720,640x853,720x960,1080x1440,1280x1707,1440x1920,1500x2000&from=bu&u=noAWLwGWWG5pvsCReWR6esClPBTXLBLS8aUMX-jow2E&cs=1500x0",true,1,30,
e6cac790-da3b-4aa7-ad09-80b5b7e0c23d,Micro SD 16 gb class 4,,100.00,23,"https://sun9-22.userapi.com/s/v1/ig2/zJjHMez7CoOGkyf2Ls_oCrGpib326bs7McgB4_tlrm34X9SHYJSvKq-5M0jUxweIVbR9w-fDqGOsJb2ohHs9HJzh.jpg?quality=95&as=32x32,48x48,72x72,108x108,160x160,240x240,360x360,480x480,540x540,640x640,720x720,1080x1080,1200x1200&from=bu&u=KLDpRxl06fDYhRysD0zfNkzH8F5bNc5wz1EFHQS8KSg&cs=510x510",true,1,23,
e7978a40-531f-456e-9985-f0e85598c24d,Аккумуляторы Sony NP-FZ100 оригинал,"Оригинальный энергоёмкий аккумулятор для цифрового фотоаппарата Sony NP-FZ100 обеспечит не только длительное время съёмки, но и долгую продуктивную работу техники в течение многих лет. Объём 2280 мАч рассчитан на 650 кадров.",300.00,2,"https://sun9-71.userapi.com/s/v1/ig2/Io8CHAq4b8XzeUB5PmZVnB17DEBlrOMqGaUSK6NfwljerEPefu4pFXsjcLGdCbnRIZeM0JIcgqhedFwJwZNMMEox.jpg?quality=95&as=32x32,48x48,72x72,108x108,160x160,240x240,360x360,480x480,540x540,640x640,720x720,1080x1080,1134x1134&from=bu&u=aJ10midA130kHqZUonqa1UsD7Kv7rgfcLc9t8rh8FbM&cs=510x510",true,8,2,
e87fa7b6-77e8-4f0f-8984-fe3bc0371178,Кабель SmallRig 4K Hdmi-Hdmi 35см.,"Кабель SmallRig 2956B Ultra Slim 4K HDMI (35 см) — это специализированный ультратонкий кабель, разработанный для использования в операторских ригах. Его главные особенности — высокая гибкость и компактные разъемы, которые не блокируют соседние порты камеры",200,9,"https://sun9-70.userapi.com/s/v1/ig2/B3EF7YsRUsde6QsiC-uppslbH8HszvNhw_t2o9Kra9LaOLuwkVFtlWr9-6llTjIm0dMYDl7u6A3OFgcjVfY2-wwY.jpg?quality=95&as=32x32,48x48,72x72,108x108,160x160,240x240,360x360,480x480,540x540,640x640,720x720,1000x1000&from=bu&u=90vm6CNtZuAAkerjQ7jiOC4_HZrNabCo9Ncj5Lgge24&cs=1000x0",true,1,9,
e947ae56-f332-4905-8d33-046e748a234b,Стойка KUPO 543M Master High Cine Stand,"Стойка KUPO 543M MASTER CINE STAND - это прочная стальная стойка с универсальной головкой с гнездами 1/8"" (28 мм) и 5/8"" (16 мм) и разнонаправленным штифтом 5/8"" (16 мм). Стойка выдерживает нагрузку до 40 кг, а ее максимальная рабочая высота составляет 4,5 м.",600.00,21,"https://sun9-73.userapi.com/s/v1/ig2/RRIKcR2rjSAB8t2K2Ysp9bAO3vanuuhkgnzpOY7cDjImmK6hhXIJrBgk44_upFrqmfRQmrrCpYKFk7e2OAmBTX-8.jpg?quality=95&as=32x32,48x48,72x72,108x108,160x160,240x240,360x360,480x480,540x540,640x640,720x720,800x800&from=bu&u=hVvbM9gxM7ArAp8_GhBUabYjUhQex1GrCrcfVI7GLMI&cs=510x510",true,1,21,
e9554707-1a6e-47b6-881f-e633b58dabf2,Беспроводная радиосистема DJI Mic 1 (2 TX + 1 RX),"DJI Mic 1 — компактная беспроводная радиосистема с двумя передатчиками и одним приемником, предназначенная для записи качественного звука без лишних проводов. Идеально подходит для интервью, блогов, подкастов, съемок мероприятий, коммерческих проектов и контента для социальных сетей.

Система быстро подключается к камерам, смартфонам и другим совместимым устройствам, а два передатчика позволяют одновременно записывать двух спикеров без дополнительного оборудования.

DJI Mic 1 — одно из самых популярных решений для записи чистого и стабильного звука. Радиосистема позволяет быстро подготовиться к съемке, уверенно записывать двух спикеров одновременно и получать профессиональный результат без сложной настройки.
",600,6,"https://sun9-13.vkuserphoto.ru/s/v1/ig2/UqiyIKk6yadMzC9XgO-QiRZLXFHiQaZ3kK61puIRTxuTQgTvn8kTlvUud95HXRR1y2az3vbQBmHMyYeN-gMWoFsP.jpg?quality=95&as=32x32,48x48,72x72,108x108,160x160,240x240,360x360,480x480,500x500&from=bu&u=x7CoTlzXv-W6wFGS0TV35qTaLKNtR_0aeUDrtM2QxU0&cs=500x0",true,1,6,
e974a512-e17d-44fd-829a-b1367491a504,Камера Sony @ZV-E1 body + клетка Tilta,"Беззеркальная камера Sony Alpha ZV-E1 Body создана для профессиональной фотосъемки и создателей видеоконтента. Она оборудована полнокадровым CMOS-сенсором Exmor R с разрешением 12.1 Мп для естественной передачи деталей, насыщенных оттенков и глубины теней. Процессор обработки изображений BIONZ XR с искусственным интеллектом гарантирует кинематографическую картинку в разных условиях освещенности. Система 5-осевой стабилизации изображения SteadyShot и гибридная автофокусировка позволяют точно отслеживать движущиеся объекты в кадре и получать резкие снимки без эффекта дрожания.
Камера Sony Alpha ZV-E1 Body способна делать видео с разрешением UHD 4K при частоте 120 кадров в секунду. Корпус с защитой от влаги и пыли позволяет вести съемку при неблагоприятных погодных условиях. Поворотный экран диагональю 3 дюйма с сенсорной панелью обеспечивает удобство настройки параметров и просмотра файлов. Технологии Bluetooth и Wi-Fi предусматривают обмен данными с устройствами по беспроводной связи.",3000,8,"https://sun9-19.userapi.com/s/v1/ig2/p9hGlXSghi_mOcdavagaavwD-Gi5OIURAbGYcF5ttswwh9Gbmd8r87uHzfH4EItjMhLHwXhn9RQcHzIwbvklMGsV.jpg?quality=95&as=32x32,48x48,72x72,108x108,160x160,240x240,360x360,480x480,540x540,640x640,720x720,1000x1000&from=bu&u=db1VBDn8kKuN3i7dzWeFuWEehLWkW0dWLLnvN-sL_MQ&cs=510x510",true,1,8,
ea7b15e0-a26a-4c97-8a1c-62ad3c895026,SmallRig 3755B Универсальный зажим Crab-Clamp,"1. Изготовлен из прочного авиационного алюминиевого сплава и нержавеющей стали.
2. Полезная нагрузка до 3,5 кг.
3. Совместимость с большинством аксессуаров для фото и видеосъемки: резьбовые крепления ¼"", ⅜"" и ARRI ⅜"".
4. Раскрытие струбцины от 14 мм до 65 мм, противоскользящие накладки для надежной фиксации.

Универсальный держатель-струбцина SmallRig 3755В изготовлен из прочного авиационного алюминиевого сплава и нержавеющей стали. Для повышения прочности и долговечности все основные элементы конструкции обработаны с использование станков с ЧПУ.
Большой диапазон раскрытия струбцины (от 14 мм до 65 мм) и противоскользящие накладки позволяют надежно закрепить держатель на самых разных поверхностях: трубах, столах, рулях, стойках, штативах и т.п.
Используя несколько типов резьбовых креплений (¼"", ⅜"" и ARRI ⅜"") на держатель можно установить самое разное оборудование, например фото и кинокамеры, мониторы, видео передатчики или светодиодные осветители.",180.00,4,"https://sun9-1.userapi.com/s/v1/ig2/dZ6OgEzpd8YZiFX119ggiLd563JvkDV3k-s2FZtpg1u-uLZHmUkXU7JmDGJwZBz_HEtgxQhViFEqv9DTlfPkK8eD.jpg?quality=95&as=32x32,48x48,72x72,108x108,160x160,240x240,360x360,480x480,540x540,640x640,720x720,1000x1000&from=bu&u=eN1_6k0B4LVeafkjUW20tXpgLIUe7S1vcxdvuhfT0rk&cs=510x510",true,2,4,
ea81cc06-3f15-4e88-afcc-a4aff7df4061,Октобоксы TRIPOD быстроскладной 120см.,"Быстрораскладной октобокс Triopo 120 см для вспышек с креплением Bowens. Преимущества: Быстрая сборка/упаковка, легкий вес 950 г, 2 слоя светорассеивателя, крепление Bowens, тканевые соты, сумка для переноски в комплекте.
",500.00,16,"https://sun9-50.userapi.com/s/v1/ig2/CWMM9FTra8uCEmKObmU2abVe9YyxpZYZu1qtZIkU_XbXyKcA54ynyf5uhcvGT-bYSlXXGiAoH5GXGeKJJ9iZJeU8.jpg?quality=95&as=32x32,48x48,72x72,108x108,160x160,240x240,360x360,480x480,540x540,640x640,720x720,1000x1000&from=bu&u=45p6O7giEkvFEi83TtGhRxnEXDeRcdCZh094Lsva7aY&cs=510x510",true,3,16,
eabdeb98-2e2d-47c6-a6b9-9f133a9e6fed,SD 32 gb class10,,150.00,23,"https://sun9-49.userapi.com/s/v1/ig2/Ocdjj4WFsHTlyQnkJIk1EY4IzaJ7io_2Ao__fY3iuiZv99rJxGX4dIHDOB4TvVgjFBExuv9golQ4atjorBCvAZnM.jpg?quality=95&as=32x32,48x48,72x72,108x108,160x160,240x240,360x360,480x480,540x540,640x640,720x720,1080x1080,1280x1280&from=bu&u=W8RQbvVXxJJU_AOqyc2To4jLAZbvCCBOh2pvPXeGopU&cs=510x510",true,1,23,
ec478c05-947e-4495-b515-e1554d9f45fc,"Стойка C-STAND Kupo S-20MK 20”, 92см.","Транспортировочная высота стойки Kupo 20 C Stand Kits CS20MK составляет 92 сантиметр, тогда как максимальная – 196 сантиметров. Максимальная нагрузка – 10 килограмм (при собственном весе 5.5 кг). Стойка трехсекционная. Две из трех ножек этой стойки подпружинены и при раскладывании занимают фиксированные позиции.
",400,21,"https://sun9-39.userapi.com/s/v1/if2/auNFP5-LIAObtHB_F-5E7-kUKw8yPc2CJsOg3KGy-hoq73CSasOQ86wev255lytz8SwKyxk8PmA1g58vdwrKfL7T.jpg?quality=95&as=32x17,48x25,72x38,108x57,160x84,240x126,360x189,480x252,540x283,640x336,720x378,1080x567,1200x630&from=bu&u=BBQCYqHaFpGjD5RtBLJwzpTTU_3NryDFW0YsBTCl3yQ&cs=1200x630",true,2,21,
ecd898ab-84ba-4a9a-b4e2-c4f1f06b70a7,Рация Baofeng UV-5R + Зарядники + наушники,Радиостанция имеет эргономичный дизайн и небольшой вес. Она поддерживает частоты VHF (136-174 МГц) и UHF (400-520 МГц) и может работать на расстоянии до 8 км благодаря усиленному передатчику мощностью 8 Вт. Радиостанция поставляется с литий-ионным аккумулятором емкостью 1800 мАч.,200,17,"https://sun9-11.userapi.com/s/v1/ig2/eciWeJ8DFtQCMv6VBHA1RDmEVRIVd90ov8EinKxAgkU8rTBuFU3QOXj8mhBWC2zOwxbA2kiQQvgv_hTmdqGjtgtB.jpg?quality=95&as=32x32,48x48,72x72,108x108,160x160,240x240,360x360,480x480,540x540,640x640,720x720,1000x1000&from=bu&cs=1000x0",true,4,17,
ef20dfd5-8e28-4189-90f9-b3dad944dbe8,Микрофон петличный Rode SmartLav,"Микрофон RODE SmartLav+ – петличная модель, обеспечивающая запись звука профессионального класса. Совместно с другими устройствами (видеокамеры и другие) конденсаторный всенаправленный микрофон позволяет с четкостью передавать голос. Подключение микрофона осуществляется посредством стандартного аудиоразъема 3.5 мм. С помощью прищепки вы сможете комфортно разместить микрофон на одежде. В комплекте с микрофоном RODE SmartLav+ поставляются зажимное крепление, мягкий чехол с затяжками и ветрозащита.",250.00,6,"https://sun9-62.userapi.com/s/v1/if2/htDYjKGXIYOi55nDSS4QI509-h3YCjqCSYou-nvX_dpgPwdQE7GvmyNfjls3l6XLGwFVUrfP4MyaFpK9uehob_C4.jpg?quality=95&as=32x21,48x32,72x48,108x72,160x107,240x160,360x240,480x320,540x360,640x427,720x480,1000x667&from=bu&u=dZ5iRgpDVRg-znuIZw5-lTLQ9VxBownflQIiqGhIXdM&cs=807x538",true,2,6,
f055ef5b-f4fd-4a00-9dea-43b69c249e22,Камера Sony @7S III body  + клетка SmallRig,"Alpha 7S III предлагает запись в камере в режиме 4K до 120 кадров в секунду, 10-битную глубину и выборку цвета 4:2:2, обеспечивая видео высокого качества. Новая камера предлагает более гибкий и эффективный пост-съёмочный рабочий процесс с различными передовыми режимами видеозаписи, такими как All-intra и MPEG-H HEVC/H.",3500,8,"https://sun9-35.userapi.com/s/v1/ig2/L_5qMubAdDEy8reGb2x3nHpAzUFHTD_ni5Y-O4OEdppmz7j-SqkVhG_w9Sdh7aPqBhzEsnskVB1_HNAjdv1z9qUz.jpg?quality=95&as=32x32,48x48,72x72,108x108,160x160,240x240,360x360,480x480,540x540,640x640,720x720,1080x1080&from=bu&u=DsG-mE6UqcQIfclVJwqtcZkLRTyxUFGSdJvnA_q8GkI&cs=510x510",true,1,8,
f2622533-7c5d-497c-89d9-1255c90c5451,Micro SD Samsung EVO Plus 128 ГБ class 10 U3,,250.00,23,"https://sun9-48.userapi.com/s/v1/ig2/YpFrKEcf_PZhmCTRBD5818mxz5bSKmY3JtKz9Fuwj9rHuMeVLHbP4dAYKxUGv2hagl7OBFEGJT80uSIqcUYWO9f8.jpg?quality=95&as=32x32,48x48,72x72,108x108,160x160,240x240,360x360,480x480,540x540,640x640,720x720,1080x1080,1280x1280&from=bu&u=sYf5oe6AJMq9Vs4BtrshkUPgCB6eIGDg6BSk5LRfSmU&cs=510x510",true,5,23,
f3509f06-b8a2-42aa-9afa-297e32813e4f,Крепежная головка KUPO KCP-440 Grip head,"4,5"" крепежная головка с двумя вращающимися алюминиевыми дисками на штифте Junior 1-1/8"" (28мм), удерживает аксессуары со стержнями или трубками диаметром 5/8"" или 3/8"", обычно используется для крепления элементов подвесной системы или установки фрост рам, конструкция помогает равномерно распределить вес на стойке.",300.00,4,"https://sun9-31.userapi.com/s/v1/ig2/FKZxawcp41UZcGE24EFgg8QYUUAgAytP-LOpRbLTA01s65cfb1dI4Sx5ymnm7IMIWbaN00woDVx3o9BGhqwoQBxy.jpg?quality=95&as=32x32,48x48,72x72,108x108,160x160,240x240,360x360,480x480,540x540,640x640&from=bu&u=GpmzwqgjlsH1I40WTr7Y2tnHQet-YK-P1KFl_PQkayM&cs=510x510",true,1,4,
f370a9cc-fb7c-454d-a26f-8d469c22256e,Объектив Canon RF 24-105mm f/4L IS USM,"Цена указана за аренду в сутки!

Объектив Canon RF 24-105mm f/4L IS USM является отличным выбором для профессиональных и любительских фотографов, которые ищут универсальное решение для масштабов работы от пейзажной съемки до портретов. С постоянной диафрагмой f/4, объектив позволяет легко контролировать глубину резкости и получать четкие, насыщенные изображения в любых условиях освещения.

Его система стабилизации изображения поможет вам сохранять резкость при съемке и в движении, что особенно важно для видео и репортажной съемки. Настоятельно рекомендую использовать этот объектив с камерами Canon с байонетом RF, так как это обеспечит максимальную совместимость и производительность. Если вы планируете долгие сессии съемки, подумайте о приобретении дополнительного аккумулятора для вашей камеры, чтобы избежать остановок.",1500,14,"https://sun9-65.userapi.com/s/v1/ig2/mkGDin42BF-zr5hOc7zJwOXQ1fWuBcO2FsLmE_zv9k_tddTis4rj8uuxQUVQ6fkHwk7B9oOKVLyj7QjzIrAIk3rE.jpg?quality=95&as=32x32,48x48,72x72,108x108,160x160,240x240,360x360,480x480,540x540,552x552&from=bu&u=rjNotv9v9nS5Z5UxrgTGC3I7-I_bFLDfo3NhgGFi24Q&cs=540x0",true,1,14,
f959ebd3-8e3a-449a-8a54-cf041a314695,Беспроводная радиосистема Rode Wireless GO I (TX-RX),"Rode Wireless Go – цифровая микрофонная радиосистема, состоящая из поясного / накамерного ресивера и петличного трансмиттера со встроенным конденсаторным микрофонным капсюлем с всенаправленной диаграммой, частотным диапазоном 20 Гц – 20 кГц.",450.00,6,"https://sun9-28.userapi.com/s/v1/ig2/Y79PVthJL5Sbcmxt3O2cvG5vEBJOvE5bMnsN2esXfR98dY0N3gCu0oKHZ_AtYmpMmBKC1qJ3k61ni2Qu_TP8R_0T.jpg?quality=95&as=32x32,48x48,72x72,108x108,160x160,240x240,360x360,452x452&from=bu&u=HVWL2n9vyg_Sknv13tGlP2Fgi4zRYbjFA6OpMby9iUA&cs=452x452",true,1,6,
f9d9f615-e413-4c81-86df-9b5db872f8f2,Шаровая головка Smallrig,"Основные особенности:
1. Адаптер для установки головки в разъем «холодный башмак» камеры.
2. Возможность точной регулировки положения оборудования.
Легкая и прочная шаровая головка с адаптером «холодный башмак» и креплением ¼». Она совместима с большим количеством камер, и позволяет точно регулировать и надежно фиксировать положение оборудования, например внешнего монитора, в зависимости от съемочной ситуации и пожеланий оператора.
",180.00,4,"https://sun9-17.userapi.com/s/v1/if2/BYAsbcE9t30uaje-LC8HUZiOvaUWr4XqP1DxRigfKKi9Bms-cNKEVSvuCtV3a8y8ssyc3eY_Ory5T70T2ZxJSS-m.jpg?quality=95&as=32x28,48x42,72x63,108x94,160x140,240x210,360x315,480x420,540x472,640x560,720x630,1000x875&from=bu&u=p7MhUlISUN1chkVjvfTpGdmvY5_hPdZiKQNuuz5eweg&cs=604x528",true,2,4,
fa866a3b-ac9d-4800-b4d4-3889b1489f4d,Micro SD 32 gb class 10 U1,Благодаря скорости передачи данных до 120 МБ/с Вы сможете быстро переносить материалы,100.00,23,"https://sun9-13.userapi.com/s/v1/ig2/wH71ZuOP8sRvN_m7yUXS44IGy0IWFMI8ixK-iwk7c8gt3ProR8xF5hH5_hZLr-ybc1nbVAfJq43MPAFDiq-FqsOs.jpg?quality=95&as=32x32,48x48,72x72,108x108,160x160,240x240,360x360,480x480,540x540,640x640,720x720,1080x1080,1280x1280&from=bu&u=8CvcrBPlwamBli5UZ5ZvgXpmmgOAOHYVGpK3VW8niD4&cs=510x510",true,1,23,
fcd0235f-6374-4a0e-85b5-189e8a7b0aab,Проводные наушники AKG,1,150,6,"https://sun9-38.userapi.com/s/v1/ig2/FOIJZVvmIsbrjOjjhMhRgDCLJnZWlJfLKAGIX9liU3shDCpbKJnqKmM9zUbpU6Ie-h-3X6T_yO5xsb040NGc6wpF.jpg?quality=95&as=32x43,48x64,72x96,108x144,160x213,240x320,360x480,480x640,540x720,600x800&from=bu&u=fjajzMMmdld4KIp4u1y60bBi7kiLj3ZVXYlnvsPUKXg&cs=510x680",false,1,6,
fde2f40b-f817-4b32-ae36-994e66925dad,Беспроводная радиосистема Hollyland Lark Combo M2 (2TX + RX + зарядный кейс),"LARK M2 — легкий беспроводной микрофон весом всего 9 граммов. Он идеально подходит для видеоблогеров, подкастеров, режиссеров и других, кто хочет без усилий записывать профессиональный звук для своих видео.
",900.00,6,"https://sun9-17.userapi.com/s/v1/if2/N6bSf9_I7S6qEFXL8xLifxAJae2zv-eOgery5bn-YhjwPEnkEOEdkbrMScdhgRCEE84uUc5kGMGUJNjYtTazcfNO.jpg?quality=95&as=32x28,48x42,72x63,108x95,160x140,240x210,360x315,480x420,540x473,640x560,720x631,1080x946,1280x1121,1288x1128&from=bu&u=_fefN3D9Gtd9qumjbH3n5qTAXab4d_0hwsRKqdgte9A&cs=604x529",true,1,6,
ff059b78-b243-4378-b502-48b61d14885a,DJI OSMO Mobile 6,"Osmo Mobile 6 — интеллектуальный стабилизатор для смартфона, наполненный функциями для творчества. Устройство не только компактно и легко складывается, помещаясь на вашей ладони, но и запускается автоматически при раскрытии, позволяя мгновенно начать съемку. Создавайте динамичные кадры и идеальные селфи, используя встроенный монопод. Вам предоставляется целый набор интеллектуальных функций и руководств. Приложение DJI Mimo упрощает эффективную съемку, редактирование и загрузку материалов, позволяя ловить незабываемые моменты.",500.00,10,"https://sun9-37.userapi.com/s/v1/ig2/Pv9JrMVUEH6vfzWEBAYEFyAsaPxDGWjEv0Y8SzP2ZPVikU4VLmjY4PVuQfZ5xAdcMeAoRNl0aJbBap-985IICIze.jpg?quality=95&as=32x32,48x48,72x72,108x108,160x160,240x240,360x360,480x480,540x540,640x640,720x720,1080x1080,1280x1280&from=bu&u=D5gsA8t7Yl9CCeDyH-6zp_2dAZ6XR3XasiluaojzMAE&cs=510x510",true,1,10,
ff15e098-4954-42fe-af0f-be4e0a75adb6,Электронный стабилизатор DJI RS 2 Pro (max 4.5кг),RS 2 Pro от DJI — это не просто стабилизатор. Это беспрецедентное решение для динамической съемки. Каждый элемент дизайна и каждая функция были разработаны для создания бесподобной стабилизации камеры. Создавайте шедевры кинематографа с RS 2 от DJI.,2500,20,"https://sun9-45.userapi.com/s/v1/ig2/iTeVfsnpF32Z5Ku4uwsieqEWZbEe7YHIVHLSO0UwWXYX118J_g7mzMOXRqMzhKFHIWKkUvsu2bTwD9TXchC6q42i.jpg?quality=95&as=32x32,48x48,72x72,108x108,160x160,240x240,360x360,480x480,540x540,640x640,720x720,1080x1080,1280x1280&from=bu&u=ifXLlP6243BYezHWpY-AU6wcBg0QDiYq3iBfbOWt9yY&cs=510x510",false,1,20,